iso-date,tmin,tmax,tavg,globrad,precip,et0
2011-01-01,-2.21,2.19,-0.01,1.1083,0.6,0.08735
2011-01-02,0.7,3.88,2.29,3.78136,0.0,0.36744
2011-01-03,-0.45,2.25,0.9,2.55066,0.0,0.30977
2011-01-04,-2.93,0.05,-1.44,3.20796,0.0,0.09986
2011-01-05,-2.38,5.77,1.69,4.26146,9.7,0.59876
2011-01-06,2.08,11.5,6.79,0.5459,29.3,0.0
2011-01-07,6.69,11.27,8.98,0.8676,3.8,0.08526
2011-01-08,8.72,12.4,10.56,1.79914,6.7,1.38991
2011-01-09,2.92,7.51,5.21,3.98279,0.0,0.62155
2011-01-10,-1.17,3.56,1.2,3.01452,1.2,0.21281
2011-01-11,0.37,8.65,4.51,1.75166,4.0,0.20855
2011-01-12,4.0,12.18,8.09,0.52199,6.4,0.52259
2011-01-13,10.13,13.59,11.86,0.99434,0.0,0.52687
2011-01-14,9.71,13.29,11.5,2.52863,2.8,1.79675
2011-01-15,7.07,11.11,9.09,3.99132,0.0,1.10326
2011-01-16,5.06,11.91,8.48,4.46867,0.0,0.87626
2011-01-17,4.18,8.41,6.29,1.33269,0.4,0.08016
2011-01-18,5.3,8.91,7.11,1.86668,0.6,0.79286
2011-01-19,0.12,4.67,2.4,2.59114,0.0,0.30521
2011-01-20,-0.06,5.11,2.53,5.29129,0.4,0.61774
2011-01-21,-1.28,1.89,0.3,2.6442,0.0,0.41328
2011-01-22,-0.26,5.71,2.73,1.50027,0.2,0.10957
2011-01-23,2.33,6.2,4.27,1.5869,1.0,0.41594
2011-01-24,4.06,6.99,5.53,1.84136,1.0,0.7169
2011-01-25,0.01,6.32,3.17,1.21203,2.8,0.01436
2011-01-26,4.13,6.95,5.54,1.21865,1.6,0.61143
2011-01-27,0.61,3.75,2.18,4.96884,0.0,1.01137
2011-01-28,-2.18,1.05,-0.57,4.17428,0.0,0.70847
2011-01-29,-1.17,0.23,-0.47,2.18399,0.0,0.70046
2011-01-30,-3.68,-0.1,-1.89,8.10843,0.0,0.60977
2011-01-31,-4.3,-2.2,-3.25,1.81347,0.0,0.31556
2011-02-01,-5.1,0.14,-2.48,1.71746,0.8,0.22139
2011-02-02,-0.85,3.15,1.15,3.05861,1.4,0.22457
2011-02-03,1.18,8.86,5.02,4.59813,0.2,0.42679
2011-02-04,3.0,9.88,6.44,1.86156,0.0,0.81966
2011-02-05,8.79,10.61,9.7,1.6504,0.0,1.50398
2011-02-06,7.59,9.17,8.38,2.44443,0.0,1.47432
2011-02-07,2.05,12.91,7.48,7.95694,0.0,1.13706
2011-02-08,1.62,8.46,5.04,6.71229,0.2,0.16341
2011-02-09,2.04,5.51,3.77,1.68485,0.0,0.0464
2011-02-10,2.52,11.34,6.93,2.132,3.2,0.25538
2011-02-11,9.84,15.15,12.5,5.17325,0.6,1.68428
2011-02-12,7.72,11.16,9.44,3.73475,1.0,1.294
2011-02-13,0.75,8.38,4.57,4.12348,1.0,0.48449
2011-02-14,4.57,8.68,6.63,4.15087,0.2,0.81167
2011-02-15,1.64,7.07,4.36,3.08958,0.2,0.50948
2011-02-16,1.54,9.23,5.38,5.05462,0.0,0.60258
2011-02-17,1.09,10.68,5.88,8.69469,0.0,0.79306
2011-02-18,-0.29,4.15,1.93,3.07422,0.0,0.22025
2011-02-19,2.52,5.84,4.18,2.78683,1.6,0.69061
2011-02-20,3.52,5.19,4.36,1.58609,0.6,0.16574
2011-02-21,2.39,4.48,3.44,2.58686,0.0,0.44149
2011-02-22,0.02,6.77,3.39,9.48427,0.0,0.7287
2011-02-23,-2.18,4.63,1.22,2.29139,6.2,0.61573
2011-02-24,1.61,10.49,6.05,2.81164,1.2,0.12283
2011-02-25,6.38,10.06,8.22,4.30185,0.2,0.61053
2011-02-26,7.33,10.79,9.06,2.37237,8.6,1.12573
2011-02-27,4.04,7.63,5.83,5.04522,0.4,1.13008
2011-02-28,0.91,4.9,2.91,2.9618,0.0,0.51747
2011-03-01,1.5,8.33,4.92,10.40885,0.0,1.32516
2011-03-02,0.84,9.84,5.34,12.00285,0.0,2.01989
2011-03-03,-0.74,6.57,2.92,12.08363,0.0,1.31359
2011-03-04,-0.6,9.14,4.27,12.30215,0.0,1.30214
2011-03-05,-0.83,4.14,1.65,10.78943,0.0,0.99607
2011-03-06,-0.21,7.44,3.62,13.96044,0.0,1.70912
2011-03-07,-0.41,9.7,4.64,14.36592,0.0,2.70152
2011-03-08,-2.25,14.26,6.0,13.51765,0.0,1.90622
2011-03-09,4.42,11.17,7.79,7.25661,0.0,1.8004
2011-03-10,2.13,10.07,6.1,5.58798,0.2,1.08577
2011-03-11,7.11,11.96,9.54,7.47424,0.0,2.09382
2011-03-12,2.51,14.79,8.65,10.03165,0.8,2.00108
2011-03-13,7.83,11.58,9.71,2.92251,0.0,0.89978
2011-03-14,6.95,12.13,9.54,4.64935,0.0,0.77717
2011-03-15,4.92,19.14,12.03,14.99799,0.0,2.37905
2011-03-16,6.63,16.17,11.4,13.92515,0.0,2.41542
2011-03-17,4.92,6.69,5.8,1.65013,0.0,0.53272
2011-03-18,3.43,10.97,7.2,6.2384,2.4,1.04204
2011-03-19,5.05,8.07,6.56,4.16158,0.0,1.31763
2011-03-20,-0.5,11.83,5.67,13.68668,0.0,1.7045
2011-03-21,-1.23,14.45,6.61,17.25817,0.0,2.20222
2011-03-22,1.88,16.53,9.21,16.49082,0.0,2.90107
2011-03-23,3.84,17.71,10.78,16.34172,0.0,2.89149
2011-03-24,5.0,19.46,12.23,17.25819,0.0,2.66585
2011-03-25,2.48,19.59,11.04,16.59319,0.0,2.17466
2011-03-26,5.98,16.86,11.42,10.80175,0.0,2.6742
2011-03-27,4.24,17.15,10.7,16.27735,0.0,2.51739
2011-03-28,3.57,14.69,9.13,16.82069,0.0,2.6237
2011-03-29,0.45,17.89,9.17,17.00804,0.0,2.12945
2011-03-30,8.91,13.67,11.29,4.51961,3.0,1.31859
2011-03-31,9.84,15.67,12.75,5.45803,5.9,1.0283
2011-04-01,12.42,15.86,14.14,6.32787,0.4,1.69931
2011-04-02,8.63,23.83,16.23,17.14359,2.8,3.23804
2011-04-03,9.31,12.27,10.79,4.67538,1.8,1.08232
2011-04-04,7.0,13.55,10.28,11.52379,0.0,2.21338
2011-04-05,2.31,14.5,8.4,7.93571,0.0,1.71336
2011-04-06,7.73,22.76,15.25,19.12124,0.0,2.6771
2011-04-07,8.54,21.13,14.83,20.16415,0.0,2.95349
2011-04-08,7.49,19.6,13.55,19.07601,0.0,2.97867
2011-04-09,5.54,19.34,12.44,20.93743,0.0,3.45363
2011-04-10,6.86,23.37,15.12,20.84048,0.0,4.0212
2011-04-11,7.05,19.95,13.5,18.69241,0.0,2.80989
2011-04-12,5.73,13.19,9.46,17.25708,0.0,3.04236
2011-04-13,0.23,14.19,7.21,15.68491,0.0,2.22702
2011-04-14,6.42,14.78,10.6,15.14879,0.0,3.00967
2011-04-15,8.35,15.86,12.11,13.73757,0.0,3.51125
2011-04-16,1.98,17.64,9.81,18.90316,0.0,3.00536
2011-04-17,3.45,17.81,10.63,20.36347,0.0,3.49412
2011-04-18,5.05,20.23,12.64,22.35376,0.0,3.79717
2011-04-19,8.76,23.73,16.25,22.57701,0.0,4.48977
2011-04-20,8.08,24.03,16.05,21.93588,0.0,4.26147
2011-04-21,8.98,23.73,16.36,22.24978,0.0,4.68135
2011-04-22,9.14,25.23,17.19,22.12829,0.0,4.48429
2011-04-23,8.0,25.63,16.81,21.77223,0.0,4.07523
2011-04-24,9.94,24.67,17.3,18.68434,0.0,3.62141
2011-04-25,10.15,24.05,17.1,22.77576,0.0,4.26357
2011-04-26,8.24,20.87,14.55,22.40395,0.0,3.71316
2011-04-27,9.27,17.76,13.52,21.54886,0.0,4.14203
2011-04-28,8.75,14.79,11.77,4.76945,11.2,1.24447
2011-04-29,7.8,19.68,13.74,12.13962,2.8,2.23003
2011-04-30,9.63,20.86,15.25,19.45444,8.0,3.41913
2011-05-01,9.5,21.52,15.51,21.9906,0.0,4.02402
2011-05-02,8.81,18.48,13.64,24.31588,0.0,5.39906
2011-05-03,5.26,16.0,10.63,24.39322,0.0,4.36603
2011-05-04,3.58,16.96,10.27,25.82991,0.0,3.93452
2011-05-05,3.89,19.32,11.61,24.81985,0.0,3.70009
2011-05-06,7.33,23.94,15.64,23.115,0.0,4.47827
2011-05-07,10.66,25.53,18.09,24.03715,0.0,6.30292
2011-05-08,15.39,24.19,19.79,18.15373,0.0,5.18306
2011-05-09,10.82,24.5,17.66,24.35884,0.0,4.79697
2011-05-10,12.96,23.07,18.02,20.27238,0.0,4.49511
2011-05-11,8.26,20.35,14.3,24.39779,0.0,4.20402
2011-05-12,7.26,17.75,12.5,22.4825,0.0,3.83425
2011-05-13,3.11,19.94,11.53,24.8814,0.0,3.21922
2011-05-14,6.13,18.01,12.07,21.80288,0.0,3.96578
2011-05-15,7.86,15.42,11.64,15.89454,0.0,3.15348
2011-05-16,6.92,17.47,12.2,10.63602,0.2,2.14804
2011-05-17,9.22,20.12,14.67,22.67323,0.0,4.9397
2011-05-18,6.26,23.42,14.84,26.4873,0.0,3.90625
2011-05-19,9.02,20.17,14.6,16.13832,0.8,2.70859
2011-05-20,8.66,20.26,14.46,18.792,3.0,3.31784
2011-05-21,3.57,23.33,13.45,26.14175,0.0,3.61617
2011-05-22,12.31,19.9,16.11,21.85635,0.0,4.95991
2011-05-23,4.7,24.45,14.57,28.2428,0.0,4.54742
2011-05-24,9.4,18.34,13.87,26.85511,0.0,4.93333
2011-05-25,1.38,23.34,12.36,29.19615,0.0,4.12065
2011-05-26,8.06,18.53,13.3,15.72852,0.0,4.0299
2011-05-27,10.49,16.54,13.52,12.10062,0.0,3.29283
2011-05-28,3.55,20.79,12.17,25.76764,0.0,3.95158
2011-05-29,8.47,24.42,16.45,25.38954,0.0,4.8166
2011-05-30,8.33,29.62,18.98,22.81251,0.2,5.28618
2011-05-31,11.08,17.32,14.2,16.38939,0.0,4.49907
2011-06-01,3.94,20.86,12.4,29.89266,0.0,4.7753
2011-06-02,8.12,24.61,16.36,30.34292,0.0,7.25851
2011-06-03,11.92,26.78,19.35,28.23291,0.0,7.1446
2011-06-04,16.33,30.17,23.25,21.92003,4.2,6.72646
2011-06-05,17.47,25.28,21.38,14.71628,15.9,3.81414
2011-06-06,14.94,20.22,17.58,7.39083,2.6,2.09496
2011-06-07,12.15,19.02,15.59,7.99901,4.6,1.94157
2011-06-08,7.77,19.31,13.54,22.12384,0.2,3.75345
2011-06-09,7.47,19.61,13.54,21.43931,0.0,4.06155
2011-06-10,10.16,16.47,13.31,10.36353,12.6,2.1581
2011-06-11,6.24,17.38,11.81,19.66597,0.0,3.05042
2011-06-12,4.78,19.74,12.26,18.7454,0.4,3.11668
2011-06-13,11.91,22.06,16.98,14.10498,3.0,2.91545
2011-06-14,13.84,23.78,18.81,19.84364,0.0,3.94411
2011-06-15,15.65,23.43,19.54,19.8016,3.5,4.92574
2011-06-16,15.75,20.78,18.27,16.77458,3.9,4.47191
2011-06-17,7.01,17.92,12.46,10.7921,1.4,1.63689
2011-06-18,10.87,18.01,14.44,16.40597,4.2,3.87478
2011-06-19,11.04,18.6,14.82,14.09575,4.0,3.7834
2011-06-20,10.52,20.91,15.71,10.31863,2.8,1.80909
2011-06-21,14.8,21.83,18.31,14.85713,2.2,3.17128
2011-06-22,13.4,20.01,16.71,14.58601,7.0,3.16476
2011-06-23,12.38,19.09,15.73,23.94148,0.0,4.47705
2011-06-24,7.32,19.47,13.39,22.01541,0.0,3.66344
2011-06-25,11.84,22.22,17.03,13.33432,0.0,3.1347
2011-06-26,13.48,26.96,20.22,23.13606,0.2,4.18227
2011-06-27,16.12,33.89,25.01,26.93336,0.0,6.56716
2011-06-28,19.48,33.63,26.55,20.86299,3.2,6.95348
2011-06-29,15.36,21.76,18.56,18.87182,0.2,4.89803
2011-06-30,7.74,21.29,14.52,15.62562,0.0,3.23356
2011-07-01,7.76,21.38,14.57,26.0758,0.0,4.53814
2011-07-02,7.25,20.54,13.89,23.75892,0.0,4.21164
2011-07-03,6.21,22.28,14.25,28.30319,0.0,4.49201
2011-07-04,8.41,24.11,16.26,29.88521,0.0,4.71159
2011-07-05,8.85,29.06,18.95,26.59648,0.2,5.49691
2011-07-06,14.13,23.26,18.7,18.53889,0.6,4.93646
2011-07-07,8.82,23.02,15.92,21.49384,0.0,4.5658
2011-07-08,11.79,22.74,17.27,16.62645,2.2,4.42654
2011-07-09,14.44,21.12,17.78,13.76193,0.4,4.02779
2011-07-10,13.9,22.31,18.11,11.15115,0.0,2.72614
2011-07-11,10.31,26.01,18.16,25.90759,0.0,5.30973
2011-07-12,15.05,22.54,18.8,11.30088,0.6,3.34741
2011-07-13,12.96,18.64,15.8,9.03394,0.6,3.3164
2011-07-14,9.26,20.39,14.82,15.61942,0.0,4.36181
2011-07-15,8.94,25.58,17.26,24.9869,0.0,5.44177
2011-07-16,11.74,20.6,16.17,7.78442,15.1,2.49303
2011-07-17,12.79,19.5,16.14,15.25391,1.2,3.56478
2011-07-18,13.07,18.8,15.94,13.74561,0.2,3.88843
2011-07-19,11.67,17.12,14.39,6.60032,19.4,1.47539
2011-07-20,10.35,19.8,15.07,11.94245,0.0,2.57151
2011-07-21,12.94,21.5,17.22,14.78127,0.2,3.46423
2011-07-22,14.65,20.67,17.66,19.23425,0.2,4.35841
2011-07-23,6.11,16.78,11.45,10.62136,14.1,1.65102
2011-07-24,11.45,20.99,16.22,24.0468,0.0,4.95399
2011-07-25,10.85,22.43,16.64,15.00882,0.4,3.16829
2011-07-26,13.02,20.63,16.82,15.52769,0.0,3.71473
2011-07-27,13.66,18.03,15.85,7.41545,4.0,1.71373
2011-07-28,13.31,21.61,17.46,12.4061,0.0,2.94863
2011-07-29,13.94,22.86,18.4,18.99233,0.2,4.14836
2011-07-30,9.92,19.85,14.89,15.68256,0.0,3.33611
2011-07-31,7.02,22.98,15.0,25.62202,0.2,4.23589
2011-08-01,8.91,25.43,17.17,26.7953,0.0,4.7194
2011-08-02,11.58,28.18,19.88,21.18793,1.6,4.66924
2011-08-03,17.8,24.67,21.23,10.45838,0.8,3.64345
2011-08-04,11.59,25.63,18.61,15.0008,6.7,2.9199
2011-08-05,12.94,21.44,17.19,10.25735,4.7,1.81693
2011-08-06,15.02,22.29,18.66,8.84068,0.8,2.61457
2011-08-07,11.62,21.35,16.48,19.08789,8.5,4.33124
2011-08-08,12.06,20.61,16.34,17.79181,0.2,4.4818
2011-08-09,12.33,19.8,16.07,18.56978,0.0,4.27295
2011-08-10,7.93,22.07,15.0,24.98562,0.0,3.85129
2011-08-11,10.99,25.53,18.26,16.8507,0.4,4.91262
2011-08-12,16.29,19.63,17.96,9.44246,1.0,2.19529
2011-08-13,13.51,20.0,16.75,6.91612,20.5,1.41968
2011-08-14,15.03,20.6,17.82,10.2491,0.2,2.70539
2011-08-15,9.82,22.57,16.2,22.94463,0.0,3.75176
2011-08-16,13.52,24.55,19.04,16.96918,0.0,4.22525
2011-08-17,11.66,24.13,17.89,14.42413,0.2,2.86414
2011-08-18,15.56,27.12,21.34,15.14302,0.0,3.57345
2011-08-19,16.38,22.3,19.34,16.42852,0.0,3.67583
2011-08-20,10.2,27.42,18.81,23.18882,1.4,3.82916
2011-08-21,18.27,29.56,23.91,16.41844,0.0,4.746
2011-08-22,14.54,24.03,19.29,12.59489,4.8,3.33561
2011-08-23,16.24,25.66,20.95,16.07004,9.1,3.87055
2011-08-24,16.09,22.0,19.05,12.04011,0.0,3.20191
2011-08-25,13.9,24.71,19.3,15.73026,12.3,3.8143
2011-08-26,15.6,18.54,17.07,5.39801,4.4,1.84027
2011-08-27,11.65,18.72,15.18,12.28228,3.6,2.77065
2011-08-28,10.26,18.53,14.39,12.4944,0.2,2.62359
2011-08-29,9.12,18.85,13.98,16.10636,0.2,2.91921
2011-08-30,6.14,18.62,12.38,14.49526,0.2,2.5115
2011-08-31,6.89,19.56,13.22,18.28353,0.0,2.39206
2011-09-01,11.3,25.21,18.26,18.97741,0.0,3.70247
2011-09-02,14.89,27.73,21.31,19.10268,0.0,3.70552
2011-09-03,15.49,29.92,22.71,18.32391,18.5,4.08573
2011-09-04,16.52,22.24,19.38,10.40495,1.2,2.9294
2011-09-05,10.97,18.89,14.93,14.98689,0.2,3.06605
2011-09-06,11.66,18.75,15.21,7.96957,7.4,2.23278
2011-09-07,12.72,18.76,15.74,14.08409,0.0,3.54295
2011-09-08,13.35,18.22,15.79,4.47185,5.6,1.93688
2011-09-09,15.5,22.89,19.2,6.20722,1.2,1.20405
2011-09-10,16.38,29.21,22.8,16.25297,0.0,3.87219
2011-09-11,15.3,17.87,16.59,6.20473,1.0,1.78335
2011-09-12,13.14,22.27,17.7,9.29009,0.0,2.73129
2011-09-13,14.02,20.21,17.12,14.00942,0.0,3.7208
2011-09-14,8.09,18.56,13.32,12.66508,0.2,2.23996
2011-09-15,6.92,19.97,13.45,17.94346,0.0,2.28774
2011-09-16,8.95,21.65,15.3,10.16224,0.4,1.97386
2011-09-17,11.29,17.66,14.47,7.42175,9.3,2.22418
2011-09-18,8.87,15.67,12.27,9.15095,5.4,1.54307
2011-09-19,7.85,18.84,13.34,16.10745,0.2,2.16474
2011-09-20,9.96,17.86,13.91,7.69677,0.0,1.74704
2011-09-21,12.91,19.12,16.02,8.17521,0.0,2.22012
2011-09-22,10.03,18.65,14.34,12.38607,0.2,2.12686
2011-09-23,6.29,19.11,12.7,14.00343,0.2,1.71128
2011-09-24,6.93,21.57,14.25,15.45771,0.2,1.87847
2011-09-25,8.98,24.14,16.56,14.74724,0.2,2.10156
2011-09-26,12.53,24.76,18.64,13.31042,0.0,2.69895
2011-09-27,13.74,25.14,19.44,14.62734,0.2,2.08192
2011-09-28,13.15,26.73,19.94,14.96433,0.2,3.18848
2011-09-29,12.54,26.21,19.38,14.69082,0.0,3.08275
2011-09-30,11.71,26.94,19.33,14.34133,0.2,2.79296
2011-10-01,11.21,27.94,19.58,13.98429,0.0,2.59259
2011-10-02,10.89,26.41,18.65,13.83855,0.2,2.37592
2011-10-03,9.19,26.66,17.93,13.93582,0.0,2.78799
2011-10-04,12.75,18.31,15.53,3.0309,0.2,0.69142
2011-10-05,15.61,19.04,17.32,5.46919,0.2,2.52116
2011-10-06,11.13,17.36,14.25,4.7584,6.3,2.51992
2011-10-07,7.2,14.73,10.96,9.64625,0.6,1.78016
2011-10-08,6.91,13.23,10.07,5.74557,2.8,1.25947
2011-10-09,10.85,16.52,13.68,2.25402,8.1,0.56539
2011-10-10,15.22,18.23,16.73,4.5002,0.0,2.14762
2011-10-11,14.54,17.09,15.81,3.92889,0.2,2.03204
2011-10-12,13.41,15.61,14.51,4.30026,1.4,1.21394
2011-10-13,12.42,16.8,14.61,8.184,0.4,1.84218
2011-10-14,5.07,15.04,10.05,12.48113,0.0,1.91766
2011-10-15,1.04,13.9,7.47,12.26107,0.0,1.28874
2011-10-16,1.81,16.29,9.05,11.43905,0.0,0.89243
2011-10-17,4.42,16.8,10.61,7.13194,0.0,0.88904
2011-10-18,7.89,12.93,10.41,2.23877,3.8,0.87228
2011-10-19,5.76,12.71,9.23,8.73914,0.2,1.43122
2011-10-20,1.3,11.1,6.2,10.16785,0.0,1.13234
2011-10-21,-1.32,11.75,5.21,10.60726,0.0,0.91874
2011-10-22,0.88,7.71,4.29,5.58385,0.2,0.81414
2011-10-23,2.59,15.26,8.93,9.97358,0.0,1.12515
2011-10-24,4.9,15.55,10.23,9.60697,5.4,1.48887
2011-10-25,10.25,16.18,13.21,4.27707,2.9,1.51005
2011-10-26,7.84,14.85,11.34,9.25449,0.0,1.49917
2011-10-27,7.0,17.13,12.06,8.26445,0.0,1.59718
2011-10-28,9.7,17.23,13.46,6.17107,0.0,0.99633
2011-10-29,11.42,17.03,14.23,3.8802,0.2,0.70819
2011-10-30,9.68,16.45,13.06,5.91545,0.0,0.80938
2011-10-31,7.65,16.61,12.13,8.21772,0.4,0.89498
2011-11-01,7.21,16.53,11.87,5.08524,7.9,0.6094
2011-11-02,8.33,14.12,11.22,4.14359,0.0,0.4121
2011-11-03,12.32,16.62,14.47,1.80979,2.0,1.1825
2011-11-04,11.63,17.39,14.51,6.29911,4.6,1.61562
2011-11-05,11.12,17.54,14.33,5.0328,0.2,1.09832
2011-11-06,11.24,13.33,12.29,2.69603,0.0,1.31359
2011-11-07,8.9,10.03,9.46,0.69146,0.2,0.70383
2011-11-08,8.54,10.97,9.75,1.12068,0.8,0.19676
2011-11-09,10.04,15.57,12.8,4.52661,0.0,1.28215
2011-11-10,6.1,8.17,7.13,2.9243,0.0,0.49476
2011-11-11,6.02,7.95,6.98,1.53383,0.0,0.48978
2011-11-12,4.79,12.61,8.7,5.01798,0.2,0.78712
2011-11-13,5.58,8.09,6.83,1.79884,0.0,0.19678
2011-11-14,3.38,6.99,5.19,3.31931,0.0,0.4917
2011-11-15,1.19,4.16,2.67,1.68168,0.0,0.39786
2011-11-16,0.72,3.46,2.09,1.66287,0.0,0.21057
2011-11-17,2.34,8.79,5.56,1.31823,0.2,0.09189
2011-11-18,7.73,10.32,9.03,1.82944,0.2,0.39207
2011-11-19,4.28,11.0,7.64,5.67536,0.2,0.6886
2011-11-20,0.23,13.27,6.75,5.64212,0.2,0.58419
2011-11-21,0.34,10.69,5.51,4.06673,0.2,0.19703
2011-11-22,4.06,13.28,8.67,4.70792,1.0,0.70486
2011-11-23,3.69,10.24,6.96,1.45725,0.0,0.00024
2011-11-24,7.86,9.03,8.45,0.85006,0.2,0.18624
2011-11-25,4.94,8.87,6.9,0.63754,0.2,0.28562
2011-11-26,1.75,9.29,5.52,4.09045,0.2,0.11132
2011-11-27,5.77,12.89,9.33,1.65647,0.0,0.89908
2011-11-28,0.61,6.76,3.69,2.02369,0.2,0.00134
2011-11-29,4.1,10.22,7.16,1.3901,0.2,0.58959
2011-11-30,2.97,10.91,6.94,4.59617,0.8,0.69595
2011-12-01,2.36,13.11,7.73,1.09756,1.6,0.0
2011-12-02,5.0,9.45,7.22,4.20715,0.8,0.70973
2011-12-03,4.57,11.38,7.98,0.66874,9.7,0.40814
2011-12-04,8.26,11.36,9.81,1.28337,16.1,0.61494
2011-12-05,2.46,6.9,4.68,3.27686,4.4,0.83354
2011-12-06,4.12,8.59,6.36,2.16705,8.6,1.02664
2011-12-07,5.42,10.5,7.96,2.87456,2.0,1.64479
2011-12-08,1.19,11.41,6.3,1.90407,3.8,0.51703
2011-12-09,4.98,8.95,6.96,2.78294,0.0,0.8098
2011-12-10,0.02,5.9,2.96,2.52516,0.0,0.09506
2011-12-11,2.32,9.09,5.71,3.38218,6.0,0.58785
2011-12-12,5.46,9.81,7.63,3.81468,1.6,1.22775
2011-12-13,5.03,11.34,8.19,1.65343,10.1,1.21077
2011-12-14,4.79,8.47,6.63,2.47326,1.2,1.21738
2011-12-15,4.31,12.8,8.55,1.92986,16.5,2.33507
2011-12-16,2.86,11.59,7.22,0.87579,6.4,1.12519
2011-12-17,1.66,7.25,4.46,3.41663,5.8,0.74289
2011-12-18,0.6,4.83,2.71,4.24147,4.4,0.72662
2011-12-19,-1.71,5.8,2.04,2.83097,4.2,0.52272
2011-12-20,0.96,7.97,4.46,2.62694,1.4,0.33266
2011-12-21,2.73,10.17,6.45,0.74255,3.0,0.13263
2011-12-22,7.73,12.39,10.06,3.07327,0.2,0.63097
2011-12-23,8.12,9.02,8.57,1.17294,2.4,0.81612
2011-12-24,3.43,7.51,5.47,3.8892,0.0,1.02267
2011-12-25,3.73,9.8,6.77,2.12401,0.0,0.43119
2011-12-26,8.0,9.93,8.96,0.73967,0.2,0.71024
2011-12-27,1.36,6.11,3.74,2.19182,0.0,0.08669
2011-12-28,2.62,6.54,4.58,0.57008,0.4,0.39288
2011-12-29,2.37,8.2,5.29,2.24167,9.2,0.71912
2011-12-30,4.01,10.19,7.1,2.80412,11.1,1.24806
2011-12-31,4.98,11.97,8.48,0.9648,0.8,0.02033
2012-01-01,11.1,13.87,12.48,0.78968,8.7,0.91518
2012-01-02,2.63,8.95,5.79,2.37387,2.8,0.31528
2012-01-03,3.11,12.3,7.71,0.9361,2.4,0.8326
2012-01-04,4.1,9.21,6.66,3.80666,4.2,1.22734
2012-01-05,6.95,11.39,9.17,2.20844,4.4,2.0561
2012-01-06,2.26,7.92,5.09,4.07809,0.0,1.15898
2012-01-07,1.71,11.42,6.56,2.5216,1.6,0.53857
2012-01-08,4.15,8.3,6.23,1.90421,0.8,0.89503
2012-01-09,6.13,10.91,8.52,3.10369,0.2,0.58814
2012-01-10,7.29,10.25,8.77,1.77364,0.0,0.50953
2012-01-11,7.17,11.01,9.09,4.1073,0.2,0.78115
2012-01-12,2.94,9.18,6.06,3.25351,0.2,0.38922
2012-01-13,0.37,7.55,3.96,4.88391,0.2,0.27708
2012-01-14,-2.88,7.12,2.12,5.04574,0.0,0.51241
2012-01-15,-1.87,5.19,1.66,5.57582,0.0,0.35465
2012-01-16,-2.38,4.7,1.16,5.49397,0.0,1.00576
2012-01-17,-3.35,3.46,0.05,5.18612,0.0,0.69743
2012-01-18,-3.46,9.78,3.16,1.58045,1.2,0.59385
2012-01-19,4.09,11.77,7.93,0.64299,5.8,0.0
2012-01-20,5.0,8.51,6.75,1.44514,2.4,0.7331
2012-01-21,7.37,11.4,9.38,1.54637,1.2,1.13731
2012-01-22,4.71,10.19,7.45,2.15052,0.2,1.12925
2012-01-23,2.24,8.69,5.46,4.26019,0.0,0.62482
2012-01-24,0.3,5.9,3.1,2.08901,4.0,0.23293
2012-01-25,3.49,8.36,5.92,1.31029,1.8,0.31833
2012-01-26,5.22,10.15,7.69,2.12727,1.6,0.60876
2012-01-27,0.15,8.61,4.38,6.55923,3.4,0.61297
2012-01-28,1.73,3.8,2.76,1.18738,3.9,0.21871
2012-01-29,-0.08,0.68,0.3,1.73203,0.0,0.60624
2012-01-30,-1.7,-0.54,-1.12,0.70497,0.0,0.60668
2012-01-31,-1.77,1.58,-0.09,3.1039,0.0,0.80687
2012-02-01,-6.14,-1.71,-3.92,6.93053,0.0,1.22266
2012-02-02,-8.22,-2.3,-5.26,7.78991,0.0,1.42317
2012-02-03,-9.91,-3.38,-6.64,4.84708,0.0,0.72719
2012-02-04,-10.92,-3.51,-7.21,8.82699,0.0,0.62508
2012-02-05,-9.29,-2.92,-6.1,5.26422,0.0,0.82349
2012-02-06,-6.93,-0.51,-3.72,5.94102,0.0,1.03195
2012-02-07,-10.75,-3.72,-7.24,8.5232,0.0,0.93037
2012-02-08,-7.13,-1.14,-4.13,7.15328,0.0,0.92606
2012-02-09,-9.28,-0.75,-5.01,7.64713,0.0,0.52127
2012-02-10,-8.77,0.2,-4.29,9.42385,0.0,0.72792
2012-02-11,-9.94,-0.81,-5.38,10.13514,0.0,1.0267
2012-02-12,-9.87,0.16,-4.85,6.50827,0.0,0.42224
2012-02-13,-1.27,4.49,1.61,3.04726,4.8,0.32669
2012-02-14,1.97,6.32,4.15,4.47764,2.0,0.72845
2012-02-15,2.49,8.87,5.68,4.21266,2.0,0.93452
2012-02-16,3.5,6.86,5.18,2.83656,0.2,0.53626
2012-02-17,1.81,7.92,4.87,2.64327,1.0,0.22366
2012-02-18,6.11,9.08,7.6,2.33054,2.4,0.70329
2012-02-19,0.27,6.13,3.2,8.95002,0.0,1.21372
2012-02-20,-3.9,5.81,0.95,11.15248,0.0,0.71682
2012-02-21,-2.0,6.34,2.17,4.17209,0.0,0.99985
2012-02-22,-1.63,8.41,3.39,9.53396,0.0,0.90164
2012-02-23,4.56,10.79,7.67,2.5966,0.6,0.11919
2012-02-24,8.55,11.12,9.84,3.17988,0.0,0.71451
2012-02-25,7.31,9.0,8.15,1.89244,0.2,0.60069
2012-02-26,3.21,7.99,5.6,4.36987,0.0,0.72267
2012-02-27,-0.81,10.28,4.73,5.73913,0.0,0.51523
2012-02-28,6.98,10.19,8.59,2.20198,0.2,0.49073
2012-02-29,7.94,10.05,9.0,2.32166,0.0,0.48027
2012-03-01,5.54,13.23,9.38,10.47075,0.2,0.95354
2012-03-02,7.19,9.99,8.59,1.73382,0.0,0.3493
2012-03-03,7.32,12.07,9.7,5.24296,0.2,1.19073
2012-03-04,5.94,11.11,8.53,3.70371,5.2,1.10548
2012-03-05,1.96,3.78,2.87,1.64197,19.2,0.51668
2012-03-06,2.63,6.12,4.38,3.9286,0.2,0.81755
2012-03-07,-1.27,7.02,2.88,3.43428,8.7,0.40019
2012-03-08,0.41,9.31,4.86,10.12368,0.0,1.22258
2012-03-09,-0.01,12.8,6.4,10.12921,0.0,0.90486
2012-03-10,6.89,11.94,9.41,4.5775,0.0,0.99694
2012-03-11,7.83,13.7,10.77,7.2813,0.2,1.82437
2012-03-12,1.87,15.61,8.74,13.8488,0.0,1.10168
2012-03-13,6.5,12.27,9.38,8.6864,0.2,1.57558
2012-03-14,2.81,11.68,7.25,8.66721,0.2,1.1447
2012-03-15,1.83,19.38,10.61,15.48699,0.0,1.91657
2012-03-16,5.33,21.19,13.26,11.48354,0.2,2.42627
2012-03-17,4.78,10.37,7.57,2.95803,0.2,0.55128
2012-03-18,6.0,11.69,8.84,8.03825,0.0,1.83361
2012-03-19,4.0,11.34,7.67,13.59665,0.0,2.13971
2012-03-20,-1.27,13.4,6.07,15.24774,0.0,1.40838
2012-03-21,2.77,16.51,9.64,16.33842,0.0,2.48193
2012-03-22,4.49,19.44,11.96,15.83084,0.0,2.96311
2012-03-23,5.73,20.61,13.17,16.52861,0.0,2.66788
2012-03-24,7.19,20.32,13.76,16.18202,0.4,2.68534
2012-03-25,7.01,19.16,13.09,16.21113,0.0,2.28735
2012-03-26,4.99,19.75,12.37,18.16894,0.0,3.42035
2012-03-27,5.25,19.85,12.55,18.05334,0.0,3.20527
2012-03-28,6.14,19.92,13.03,17.6168,0.0,2.67523
2012-03-29,3.6,19.74,11.67,17.67608,0.0,2.66679
2012-03-30,3.3,14.34,8.82,16.7843,0.2,1.69846
2012-03-31,7.51,11.18,9.34,4.06995,0.0,1.58859
2012-04-01,-0.09,11.43,5.67,19.10912,0.0,1.90254
2012-04-02,0.66,15.26,7.96,19.1484,0.0,2.1765
2012-04-03,3.19,17.07,10.13,18.72774,2.6,2.41571
2012-04-04,0.79,12.51,6.65,10.18519,0.4,0.92041
2012-04-05,4.9,8.81,6.86,4.04331,0.0,0.80646
2012-04-06,2.93,12.33,7.63,19.16946,0.0,2.51679
2012-04-07,4.51,11.9,8.21,9.25015,0.8,2.25589
2012-04-08,0.53,9.77,5.15,12.39781,0.8,1.52276
2012-04-09,6.27,11.54,8.9,5.6732,8.3,0.61024
2012-04-10,8.46,11.13,9.8,4.89824,9.9,1.21632
2012-04-11,2.82,12.7,7.76,13.83353,2.4,1.54537
2012-04-12,-0.18,12.3,6.06,13.49041,7.1,1.33033
2012-04-13,-0.9,13.8,6.45,17.52812,0.0,1.5374
2012-04-14,3.3,12.71,8.01,17.81633,0.0,1.93572
2012-04-15,4.05,9.66,6.86,11.96425,0.0,2.17766
2012-04-16,1.64,10.63,6.14,16.00296,0.0,2.25139
2012-04-17,-1.4,9.53,4.06,7.78941,4.6,0.91086
2012-04-18,3.36,12.27,7.81,10.38218,4.0,1.53241
2012-04-19,4.37,14.32,9.35,16.49159,0.0,2.75525
2012-04-20,1.44,12.41,6.92,11.58839,4.6,1.14001
2012-04-21,5.35,12.69,9.02,15.15045,1.0,2.44526
2012-04-22,3.84,11.9,7.87,15.45363,2.4,1.74562
2012-04-23,2.34,10.59,6.46,10.85127,10.6,0.93934
2012-04-24,6.08,12.51,9.29,10.9397,5.0,1.96951
2012-04-25,3.0,12.23,7.62,6.76472,1.8,0.81576
2012-04-26,9.13,15.85,12.49,13.45964,6.1,2.95247
2012-04-27,9.53,14.66,12.09,11.51485,0.8,2.40903
2012-04-28,10.15,16.89,13.52,5.13485,1.4,1.12588
2012-04-29,12.99,17.75,15.37,11.9293,1.2,3.31141
2012-04-30,7.13,18.56,12.84,14.54212,3.8,2.30858
2012-05-01,9.16,18.54,13.85,19.03613,0.0,2.71649
2012-05-02,9.37,11.8,10.59,4.59763,6.9,0.80681
2012-05-03,9.44,15.47,12.46,7.8795,0.4,1.38447
2012-05-04,6.31,16.8,11.55,15.47167,4.8,1.61466
2012-05-05,8.03,10.13,9.08,5.56634,1.0,0.81722
2012-05-06,7.46,9.86,8.66,4.74529,0.2,0.72506
2012-05-07,3.31,16.95,10.13,18.93584,0.0,2.21429
2012-05-08,9.61,19.13,14.37,11.56949,1.2,2.01893
2012-05-09,12.82,21.29,17.05,11.32848,1.8,2.40931
2012-05-10,14.09,26.27,20.18,14.14263,0.0,3.57869
2012-05-11,11.92,17.07,14.5,10.05992,0.0,2.23841
2012-05-12,7.6,14.89,11.25,21.02202,0.0,3.0502
2012-05-13,2.47,14.67,8.57,27.86146,0.0,2.83995
2012-05-14,2.25,18.24,10.24,27.14163,0.4,3.10905
2012-05-15,5.93,12.19,9.06,13.6029,5.4,1.93138
2012-05-16,2.36,14.4,8.38,24.92933,0.0,2.95288
2012-05-17,2.02,15.17,8.6,19.67892,0.4,2.29133
2012-05-18,8.88,16.85,12.87,11.54355,1.0,2.14668
2012-05-19,8.94,19.8,14.37,21.34791,3.5,3.10872
2012-05-20,10.43,21.74,16.09,15.80708,0.0,2.80481
2012-05-21,10.74,12.73,11.73,4.6038,1.4,0.50855
2012-05-22,10.75,18.4,14.57,6.32973,0.0,1.35689
2012-05-23,11.32,23.91,17.62,18.68324,0.0,2.85449
2012-05-24,12.61,27.37,19.99,25.7667,0.0,4.03076
2012-05-25,15.91,25.51,20.71,28.73777,0.0,6.1205
2012-05-26,11.08,25.05,18.07,29.05491,0.0,5.40113
2012-05-27,11.56,27.65,19.61,28.71625,0.0,5.54962
2012-05-28,10.67,26.59,18.63,23.10525,0.0,4.8451
2012-05-29,8.6,24.74,16.67,27.38028,0.2,3.51047
2012-05-30,10.2,23.52,16.86,22.30896,0.0,3.28774
2012-05-31,12.32,20.54,16.43,19.51839,0.0,3.62467
2012-06-01,13.15,21.21,17.18,11.9712,0.0,2.71405
2012-06-02,12.49,22.76,17.63,21.40491,2.0,3.68237
2012-06-03,14.84,18.56,16.7,10.88923,0.0,2.85873
2012-06-04,10.43,13.89,12.16,6.29378,1.2,1.45908
2012-06-05,2.05,17.03,9.54,22.18707,15.5,2.32558
2012-06-06,11.41,19.31,15.36,14.05297,3.6,2.71192
2012-06-07,11.63,21.48,16.55,11.88774,7.1,2.22043
2012-06-08,11.95,19.57,15.76,19.29773,4.9,4.06882
2012-06-09,7.35,17.59,12.47,21.24335,0.2,3.04595
2012-06-10,7.87,18.9,13.38,14.16868,10.3,2.18422
2012-06-11,12.75,17.65,15.2,10.42376,8.8,2.13079
2012-06-12,8.14,17.9,13.02,10.30662,12.5,1.48095
2012-06-13,9.84,15.38,12.61,9.67321,0.4,1.86046
2012-06-14,5.91,19.73,12.82,23.8158,10.5,2.7146
2012-06-15,13.21,20.79,17.0,10.10669,12.2,2.48337
2012-06-16,14.31,19.17,16.74,11.24191,0.2,2.65353
2012-06-17,9.15,21.31,15.23,24.58011,21.2,3.62063
2012-06-18,12.63,18.58,15.61,17.03343,0.2,3.0104
2012-06-19,7.74,19.9,13.82,15.97687,0.2,2.43424
2012-06-20,11.88,23.57,17.73,25.86321,1.0,3.95477
2012-06-21,13.89,23.7,18.8,10.85637,2.0,2.59697
2012-06-22,11.48,20.37,15.93,23.00555,0.0,4.33853
2012-06-23,11.84,19.82,15.83,19.80166,0.0,3.72264
2012-06-24,9.3,15.31,12.3,6.17233,11.7,1.08212
2012-06-25,8.71,20.79,14.75,18.77497,0.0,2.85304
2012-06-26,10.89,20.66,15.78,14.9591,0.2,2.23634
2012-06-27,15.7,25.32,20.51,13.40307,0.0,2.71464
2012-06-28,17.85,29.14,23.5,18.13988,15.3,4.23144
2012-06-29,15.46,21.55,18.51,12.69066,2.8,3.07885
2012-06-30,11.36,23.69,17.52,26.09555,0.2,3.79549
2012-07-01,12.02,19.92,15.97,25.94361,0.0,4.2542
2012-07-02,8.45,23.71,16.08,27.35334,0.2,4.06245
2012-07-03,12.42,21.86,17.14,14.82951,0.0,2.32345
2012-07-04,15.2,27.33,21.27,18.62557,2.4,4.09859
2012-07-05,14.25,23.98,19.12,14.6429,5.4,2.55403
2012-07-06,13.55,22.99,18.27,20.88048,0.6,3.85814
2012-07-07,12.45,22.54,17.49,18.93212,11.9,2.9186
2012-07-08,15.15,20.13,17.64,12.37115,3.9,2.7261
2012-07-09,10.43,20.74,15.58,12.50813,0.0,2.01223
2012-07-10,11.03,20.23,15.63,11.43343,2.0,2.23928
2012-07-11,12.46,19.29,15.88,15.42808,9.3,3.14447
2012-07-12,10.98,20.0,15.49,15.84889,18.3,2.8813
2012-07-13,12.56,18.72,15.64,13.07088,8.6,2.23822
2012-07-14,12.76,20.29,16.52,17.30951,8.1,3.2496
2012-07-15,12.26,18.51,15.39,14.11842,7.7,2.87385
2012-07-16,8.13,19.46,13.8,14.98034,0.0,2.24123
2012-07-17,14.86,23.06,18.96,15.34013,0.2,3.74866
2012-07-18,12.81,24.01,18.41,20.86237,0.6,3.90991
2012-07-19,14.11,21.02,17.56,16.41283,0.0,4.02714
2012-07-20,9.23,20.76,15.0,17.42539,0.2,2.84427
2012-07-21,10.22,20.09,15.16,19.07724,0.0,3.02837
2012-07-22,8.96,23.8,16.38,27.55678,0.2,4.23398
2012-07-23,10.45,26.47,18.46,27.80648,0.0,5.02352
2012-07-24,10.76,29.32,20.04,27.58899,0.0,4.75516
2012-07-25,14.43,29.73,22.08,26.42402,0.0,5.69578
2012-07-26,13.35,29.96,21.66,25.90935,0.4,4.84881
2012-07-27,17.07,28.42,22.75,15.71565,2.6,3.63162
2012-07-28,18.14,24.15,21.14,13.11073,3.8,3.45793
2012-07-29,9.2,21.08,15.14,21.91806,5.8,3.64185
2012-07-30,9.58,20.38,14.98,20.43113,0.0,3.51777
2012-07-31,11.09,23.3,17.2,15.66398,0.2,3.38855
2012-08-01,11.45,28.98,20.21,19.50719,0.0,3.97123
2012-08-02,15.13,23.92,19.53,17.50564,0.2,4.20357
2012-08-03,12.62,23.65,18.13,20.51299,11.7,3.81935
2012-08-04,12.05,23.9,17.98,20.94519,3.8,3.61433
2012-08-05,11.13,22.37,16.75,15.55332,1.6,2.40817
2012-08-06,12.95,21.4,17.17,12.79544,0.2,2.9603
2012-08-07,11.86,20.96,16.41,14.82857,0.0,3.23346
2012-08-08,11.74,23.34,17.54,14.67241,0.0,2.81138
2012-08-09,15.74,24.66,20.2,19.80072,0.0,4.4209
2012-08-10,11.21,24.26,17.73,25.19995,0.0,4.52297
2012-08-11,11.01,24.56,17.79,25.17354,0.0,4.49827
2012-08-12,11.67,26.69,19.18,22.28753,0.2,3.92512
2012-08-13,13.03,25.27,19.15,16.01875,0.0,3.12965
2012-08-14,12.9,24.26,18.58,12.98122,0.0,2.46124
2012-08-15,16.09,29.08,22.59,15.7637,0.0,5.16254
2012-08-16,10.93,24.51,17.72,20.54981,0.0,3.53565
2012-08-17,16.11,30.14,23.13,22.69322,0.0,5.88892
2012-08-18,16.84,34.8,25.82,23.02963,0.0,6.45494
2012-08-19,18.01,33.86,25.94,20.02493,0.0,5.41627
2012-08-20,13.9,26.04,19.97,11.64395,0.4,2.55016
2012-08-21,16.47,28.05,22.26,17.24106,5.7,4.25425
2012-08-22,13.68,22.78,18.23,20.58367,0.0,4.09952
2012-08-23,7.96,24.35,16.16,21.23639,4.0,3.09861
2012-08-24,13.85,23.03,18.44,11.4249,2.2,2.6091
2012-08-25,14.66,23.2,18.93,15.36152,0.6,4.37325
2012-08-26,14.77,21.71,18.24,16.0539,0.0,4.25826
2012-08-27,10.24,25.53,17.89,20.86021,0.4,4.10058
2012-08-28,14.06,24.11,19.09,14.641,0.2,3.7117
2012-08-29,9.8,25.7,17.75,19.20127,0.0,3.92039
2012-08-30,10.61,22.0,16.3,14.4194,0.8,3.1329
2012-08-31,10.96,18.35,14.66,14.70101,0.2,3.582
2012-09-01,4.33,20.65,12.49,21.30744,0.0,2.75883
2012-09-02,9.09,23.12,16.11,13.55634,0.2,2.5228
2012-09-03,15.15,21.58,18.36,8.64064,0.2,2.3094
2012-09-04,11.69,25.24,18.46,18.93801,0.0,3.44278
2012-09-05,13.75,22.91,18.33,10.76517,0.2,3.25366
2012-09-06,9.02,20.84,14.93,20.09359,0.0,3.12334
2012-09-07,5.49,25.44,15.46,19.63463,0.0,2.9021
2012-09-08,6.93,28.22,17.57,19.42881,0.0,3.37235
2012-09-09,10.0,29.43,19.71,19.24279,0.2,4.56346
2012-09-10,12.03,25.87,18.95,16.74388,0.2,3.07234
2012-09-11,14.2,18.17,16.19,4.54301,3.4,1.47408
2012-09-12,10.05,18.22,14.13,11.3171,4.8,2.7805
2012-09-13,9.88,18.51,14.2,9.6942,0.2,2.0652
2012-09-14,7.5,16.85,12.18,4.57907,0.0,0.63474
2012-09-15,10.25,20.98,15.62,15.68623,0.0,2.45019
2012-09-16,7.27,22.59,14.93,16.65886,0.2,2.18628
2012-09-17,8.66,18.66,13.66,6.93502,0.2,1.07463
2012-09-18,10.67,18.1,14.39,7.78066,0.2,2.20296
2012-09-19,4.1,17.1,10.6,16.16757,0.0,2.34558
2012-09-20,3.41,17.64,10.53,13.72537,0.0,2.01402
2012-09-21,5.19,17.51,11.35,8.61626,0.0,1.81847
2012-09-22,4.26,18.09,11.18,13.1208,0.2,2.01107
2012-09-23,10.17,19.5,14.84,8.21573,7.5,2.6022
2012-09-24,14.18,19.24,16.71,6.37043,0.6,2.02567
2012-09-25,11.16,16.14,13.65,8.52546,1.0,1.87056
2012-09-26,12.15,16.24,14.2,7.51808,1.5,1.61626
2012-09-27,11.84,17.87,14.86,9.6505,1.4,2.22759
2012-09-28,6.75,17.93,12.34,11.8893,0.0,1.61993
2012-09-29,7.99,17.89,12.94,12.24524,0.2,2.14434
2012-09-30,1.06,17.36,9.21,14.71191,0.2,1.12263
2012-10-01,3.6,19.4,11.5,12.61569,1.4,1.51998
2012-10-02,12.27,17.94,15.11,8.47505,1.6,1.92357
2012-10-03,12.12,16.26,14.19,3.52413,9.8,1.20957
2012-10-04,9.89,16.07,12.98,10.07904,3.7,1.61666
2012-10-05,8.61,19.84,14.22,5.09161,0.0,0.3606
2012-10-06,11.61,15.52,13.56,1.72147,21.8,0.47117
2012-10-07,6.87,15.26,11.06,11.27285,0.0,1.31883
2012-10-08,5.45,14.31,9.88,3.24856,5.2,0.20877
2012-10-09,10.87,15.56,13.21,9.87206,0.2,1.61989
2012-10-10,9.95,15.34,12.64,11.31319,0.0,1.92225
2012-10-11,7.04,15.62,11.33,5.31309,2.4,0.41264
2012-10-12,10.29,15.02,12.65,9.71104,0.2,1.84401
2012-10-13,6.78,11.06,8.92,2.60358,7.4,0.41137
2012-10-14,2.97,8.51,5.74,3.50318,3.8,0.19135
2012-10-15,5.55,13.41,9.48,9.6219,1.4,1.13621
2012-10-16,7.78,14.44,11.11,6.77023,1.8,1.21742
2012-10-17,7.27,14.8,11.04,2.03612,3.0,0.07785
2012-10-18,13.29,20.2,16.74,3.6654,2.4,1.42034
2012-10-19,13.38,19.09,16.23,3.45335,1.0,1.14801
2012-10-20,13.53,14.73,14.13,1.53385,1.0,0.17427
2012-10-21,12.91,21.98,17.45,8.62167,0.0,1.1755
2012-10-22,14.12,23.52,18.82,8.9365,0.0,1.50258
2012-10-23,9.36,21.53,15.45,7.58457,0.2,1.00259
2012-10-24,7.68,13.38,10.53,5.22849,0.2,0.60162
2012-10-25,7.9,16.08,11.99,8.45612,0.0,0.48316
2012-10-26,5.0,9.24,7.12,2.6069,0.0,0.81733
2012-10-27,0.16,8.21,4.19,7.71998,0.2,1.05113
2012-10-28,-0.95,9.85,4.45,9.20072,1.2,0.62785
2012-10-29,4.17,9.37,6.77,3.5224,1.6,0.5186
2012-10-30,6.82,11.71,9.27,4.58044,0.2,0.89452
2012-10-31,3.77,11.91,7.84,7.94139,0.2,0.78803
2012-11-01,6.02,11.66,8.84,4.11932,1.4,1.11443
2012-11-02,4.0,8.74,6.37,2.42381,7.0,0.41454
2012-11-03,3.78,11.49,7.63,4.90005,1.2,0.48031
2012-11-04,3.41,12.09,7.75,4.70636,1.0,0.80893
2012-11-05,3.95,9.68,6.81,3.26783,0.0,0.52179
2012-11-06,0.8,10.02,5.41,6.42034,0.0,0.28469
2012-11-07,7.03,12.17,9.6,2.50308,0.0,0.62745
2012-11-08,8.01,10.4,9.21,2.93484,0.0,1.09596
2012-11-09,5.72,10.35,8.04,4.22399,4.6,0.39338
2012-11-10,7.51,12.86,10.18,2.31464,2.6,0.31107
2012-11-11,1.71,7.85,4.78,1.6242,0.2,0.00984
2012-11-12,1.0,8.14,4.57,2.30055,1.4,0.11061
2012-11-13,6.31,8.45,7.38,1.40155,0.4,0.10143
2012-11-14,1.29,6.67,3.98,2.57306,0.0,0.0
2012-11-15,4.09,5.33,4.71,0.74176,0.0,0.29053
2012-11-16,2.09,4.75,3.42,2.10346,0.2,0.19158
2012-11-17,1.0,9.07,5.04,1.23898,2.4,0.0
2012-11-18,5.73,9.25,7.49,2.20683,3.6,0.19798
2012-11-19,3.93,10.79,7.36,1.65325,0.0,0.10594
2012-11-20,6.87,12.15,9.51,4.98554,0.0,0.68528
2012-11-21,3.68,10.21,6.95,1.26055,1.4,0.39499
2012-11-22,1.89,8.3,5.1,3.59827,0.0,0.0
2012-11-23,5.74,8.83,7.29,0.83037,9.1,0.0
2012-11-24,7.9,13.84,10.87,1.57616,0.0,0.88984
2012-11-25,7.01,11.12,9.06,4.93449,0.0,1.19962
2012-11-26,4.42,12.68,8.55,2.2283,0.0,0.81348
2012-11-27,6.25,8.27,7.26,1.84729,1.0,0.40828
2012-11-28,4.84,7.91,6.38,1.92058,0.0,0.30128
2012-11-29,3.47,6.62,5.04,3.56116,0.2,0.63076
2012-11-30,-1.6,3.18,0.79,1.72649,0.2,0.00283
2012-12-01,0.25,3.24,1.75,1.34866,1.6,0.01478
2012-12-02,-0.56,4.73,2.08,4.84761,0.2,0.53311
2012-12-03,-1.97,9.87,3.95,1.13248,8.7,0.01945
2012-12-04,2.23,6.93,4.58,3.04242,0.0,0.43533
2012-12-05,-0.19,3.5,1.66,1.05526,0.4,0.13627
2012-12-06,-0.37,2.89,1.26,3.86867,2.8,0.4292
2012-12-07,0.33,2.56,1.45,1.91182,4.0,0.10939
2012-12-08,-1.11,1.61,0.25,2.25109,0.2,0.22329
2012-12-09,-2.8,6.82,2.01,0.85326,1.5,0.02747
2012-12-10,2.34,6.2,4.27,2.58262,0.0,0.72493
2012-12-11,-1.36,2.7,0.67,4.4706,0.0,0.41974
2012-12-12,-5.84,0.48,-2.68,5.49277,0.0,0.09774
2012-12-13,-4.28,3.12,-0.58,1.39262,0.2,0.20433
2012-12-14,1.23,10.74,5.99,0.30986,8.0,0.00429
2012-12-15,5.41,10.71,8.06,2.9255,2.0,0.50385
2012-12-16,6.5,9.89,8.2,3.30964,5.0,0.7056
2012-12-17,6.02,9.62,7.82,2.24025,1.0,0.62547
2012-12-18,1.5,7.6,4.55,1.70351,0.6,0.02136
2012-12-19,3.92,7.18,5.55,2.7643,3.0,0.10253
2012-12-20,3.91,8.45,6.18,0.46855,8.3,0.20673
2012-12-21,6.19,8.84,7.52,1.5812,0.0,0.09624
2012-12-22,3.2,13.02,8.11,0.2933,18.4,0.00917
2012-12-23,10.15,13.74,11.95,0.57841,0.4,0.59012
2012-12-24,9.59,12.0,10.79,1.69414,3.6,0.75318
2012-12-25,8.53,11.5,10.02,2.80365,4.8,1.20451
2012-12-26,6.51,10.2,8.36,1.81964,5.2,0.71895
2012-12-27,7.5,10.28,8.89,1.65462,4.4,1.0245
2012-12-28,5.72,11.08,8.4,0.69074,2.0,0.11351
2012-12-29,8.39,12.91,10.65,3.01772,0.6,1.18816
2012-12-30,6.1,8.98,7.54,2.54708,0.0,1.11139
2012-12-31,6.98,10.25,8.62,0.89845,8.7,0.80253
2013-01-01,4.01,8.87,6.44,3.59891,1.0,0.40871
2013-01-02,0.87,8.41,4.64,2.53047,0.0,0.01198
2013-01-03,6.66,10.55,8.61,0.75712,0.0,0.01313
2013-01-04,8.51,9.42,8.96,0.62461,0.0,0.20989
2013-01-05,7.57,8.85,8.21,0.34913,0.0,0.1236
2013-01-06,7.86,9.1,8.48,1.21981,0.0,0.21198
2013-01-07,5.85,7.43,6.64,1.00827,0.0,0.1724
2013-01-08,4.72,5.39,5.05,0.57724,0.0,0.12458
2013-01-09,3.94,5.45,4.7,0.62165,3.5,0.04032
2013-01-10,4.57,7.58,6.08,1.34556,0.2,0.01907
2013-01-11,1.79,5.51,3.65,1.69183,0.2,0.10615
2013-01-12,1.41,4.15,2.78,0.78947,3.0,0.00384
2013-01-13,-1.29,2.52,0.61,1.1125,0.0,0.20324
2013-01-14,-4.46,0.7,-1.88,4.77976,6.0,0.22457
2013-01-15,-5.26,1.08,-2.09,3.18285,0.0,0.00631
2013-01-16,-14.17,-4.27,-9.22,5.81375,0.0,0.00905
2013-01-17,-14.64,-5.22,-9.93,3.82435,0.0,0.01838
2013-01-18,-11.53,-1.58,-6.55,2.35099,3.0,0.0106
2013-01-19,-3.84,-0.64,-2.24,3.90368,0.0,0.40825
2013-01-20,-4.69,-0.29,-2.49,3.30011,3.0,0.4132
2013-01-21,-4.56,1.17,-1.69,3.45225,0.0,0.12168
2013-01-22,-6.13,0.09,-3.02,3.83758,0.0,0.10994
2013-01-23,-2.87,1.01,-0.93,3.14592,0.4,0.0999
2013-01-24,-4.15,0.16,-2.0,5.28742,0.0,0.21167
2013-01-25,-6.27,-2.08,-4.17,3.15169,0.0,0.22055
2013-01-26,-4.85,3.86,-0.49,2.81923,3.0,0.4057
2013-01-27,-2.59,6.01,1.71,2.92743,4.0,0.0
2013-01-28,0.7,10.3,5.5,6.02045,1.4,0.51338
2013-01-29,6.69,13.15,9.92,0.99934,1.8,0.00212
2013-01-30,8.46,13.59,11.03,3.40457,3.8,0.99439
2013-01-31,4.02,11.05,7.54,2.62865,3.6,1.00027
2013-02-01,5.51,8.84,7.17,1.05812,7.7,0.41639
2013-02-02,1.49,6.32,3.91,5.75295,0.8,0.73278
2013-02-03,0.33,8.33,4.33,3.76739,0.0,0.72285
2013-02-04,4.77,11.29,8.03,2.16305,2.8,0.62382
2013-02-05,1.04,5.69,3.37,2.72339,4.8,0.6272
2013-02-06,0.95,5.75,3.35,7.1804,6.4,0.64577
2013-02-07,0.76,5.15,2.96,4.33195,0.2,0.73155
2013-02-08,-1.11,4.41,1.65,5.4309,0.6,0.52062
2013-02-09,-3.37,4.51,0.57,5.52029,0.0,0.2856
2013-02-10,-2.73,2.23,-0.25,5.42767,1.6,0.69085
2013-02-11,-0.99,1.05,0.03,1.92615,0.0,0.19109
2013-02-12,-0.91,1.2,0.14,8.66381,0.0,0.43656
2013-02-13,-1.65,1.4,-0.13,8.22427,0.0,1.02174
2013-02-14,-2.38,1.47,-0.45,1.13779,5.8,0.21271
2013-02-15,0.68,9.21,4.95,6.84783,0.4,0.45437
2013-02-16,0.58,5.64,3.11,2.05774,0.0,0.33034
2013-02-17,1.23,4.32,2.78,3.19761,0.0,0.35042
2013-02-18,-1.54,6.91,2.69,11.29383,0.0,0.36358
2013-02-19,-2.1,7.6,2.75,10.26464,0.0,0.39708
2013-02-20,1.18,5.12,3.15,6.76632,0.0,0.99639
2013-02-21,-2.86,1.7,-0.58,8.39237,0.0,0.90731
2013-02-22,-3.24,-0.28,-1.76,5.98796,0.0,0.91386
2013-02-23,-4.55,-0.78,-2.67,3.53379,0.4,0.72144
2013-02-24,-1.91,0.84,-0.53,4.18417,3.0,0.32947
2013-02-25,-0.01,1.69,0.84,3.75611,6.0,0.21038
2013-02-26,0.52,4.04,2.28,7.88385,0.0,0.50008
2013-02-27,0.98,2.15,1.56,1.97948,0.0,0.09437
2013-02-28,0.44,2.1,1.27,1.49116,0.0,0.19236
2013-03-01,1.19,4.06,2.63,2.37863,0.0,0.71019
2013-03-02,1.46,2.7,2.08,3.18106,0.0,0.80633
2013-03-03,-0.23,6.48,3.13,10.67993,0.0,1.08154
2013-03-04,-1.48,11.55,5.04,13.59725,0.0,1.16712
2013-03-05,2.0,16.27,9.13,11.86424,0.0,1.98958
2013-03-06,5.42,15.66,10.54,7.89838,1.6,1.70673
2013-03-07,7.81,11.4,9.61,3.04834,1.4,0.28103
2013-03-08,7.81,12.08,9.95,3.95839,5.4,0.31436
2013-03-09,8.25,14.46,11.36,10.06051,0.0,1.50408
2013-03-10,2.39,4.69,3.54,3.12508,0.0,0.49762
2013-03-11,-1.86,-0.28,-1.07,4.52078,12.0,0.40504
2013-03-12,-3.91,-2.39,-3.15,8.16845,2.0,0.51218
2013-03-13,-11.43,1.8,-4.81,11.03945,0.2,0.41875
2013-03-14,-6.17,2.63,-1.77,14.28032,1.0,0.62425
2013-03-15,-9.05,3.88,-2.59,11.74418,0.0,0.41313
2013-03-16,1.73,5.62,3.67,8.85839,0.4,1.69707
2013-03-17,1.85,9.78,5.81,8.6607,4.8,1.12898
2013-03-18,0.62,10.02,5.32,10.75858,3.4,1.33875
2013-03-19,2.64,9.39,6.02,9.33517,1.6,1.12082
2013-03-20,3.55,6.37,4.96,5.76829,0.0,0.80997
2013-03-21,0.97,6.82,3.9,11.57491,0.0,1.30219
2013-03-22,1.45,10.3,5.88,11.66452,0.6,1.76341
2013-03-23,2.96,7.0,4.98,8.52166,0.8,1.60868
2013-03-24,1.99,3.59,2.79,4.24641,0.0,1.00159
2013-03-25,0.23,5.06,2.65,14.30273,0.0,2.02741
2013-03-26,-0.07,5.58,2.75,12.41163,0.0,1.81961
2013-03-27,0.23,5.78,3.01,9.3698,0.0,1.90612
2013-03-28,1.46,6.31,3.88,7.5149,0.0,1.52264
2013-03-29,-1.31,4.05,1.37,11.67737,0.0,1.43008
2013-03-30,-1.78,5.06,1.64,14.78119,0.0,1.73567
2013-03-31,-2.27,3.76,0.74,9.70175,0.0,1.11552
2013-04-01,-2.14,8.49,3.17,20.1177,0.0,2.2048
2013-04-02,-1.1,8.47,3.69,21.19736,0.0,2.7257
2013-04-03,-1.8,7.22,2.71,13.0325,0.2,1.9053
2013-04-04,-0.56,9.69,4.56,16.25813,0.0,2.80531
2013-04-05,1.92,6.32,4.12,10.49923,0.0,2.2365
2013-04-06,1.65,6.97,4.31,9.51433,0.0,1.91756
2013-04-07,-3.18,11.29,4.05,21.33762,0.0,2.42522
2013-04-08,2.34,10.3,6.32,11.79118,0.4,2.53501
2013-04-09,2.52,14.22,8.37,9.10969,4.8,1.74227
2013-04-10,6.13,12.04,9.08,5.51453,4.0,1.21395
2013-04-11,8.99,15.26,12.13,11.51907,2.4,2.28059
2013-04-12,7.24,14.37,10.8,12.82323,3.6,2.3319
2013-04-13,5.94,14.32,10.13,13.08794,1.8,1.91319
2013-04-14,11.17,23.3,17.23,20.16953,0.0,4.77402
2013-04-15,9.33,17.94,13.64,11.9874,0.6,2.25608
2013-04-16,8.62,18.01,13.32,12.83136,0.0,2.79323
2013-04-17,11.06,22.39,16.73,18.7743,0.0,4.18777
2013-04-18,10.06,16.7,13.38,21.30635,0.0,4.6052
2013-04-19,4.22,11.48,7.85,10.38351,1.4,1.73708
2013-04-20,3.33,12.66,8.0,25.50301,0.0,3.26965
2013-04-21,2.67,15.35,9.01,23.07613,0.0,3.15152
2013-04-22,-1.54,14.88,6.67,22.5651,0.0,2.31669
2013-04-23,5.62,16.91,11.27,12.13613,0.4,2.10296
2013-04-24,3.64,21.82,12.73,24.70345,0.0,2.79989
2013-04-25,6.97,25.13,16.05,24.5155,0.0,3.69134
2013-04-26,6.16,15.5,10.83,6.84523,1.2,1.5953
2013-04-27,3.67,11.04,7.35,14.82776,0.0,2.54015
2013-04-28,3.53,12.51,8.02,17.96917,0.0,2.9316
2013-04-29,1.44,14.69,8.06,20.26877,0.0,2.63491
2013-04-30,3.22,15.03,9.13,17.02837,0.0,3.32127
2013-05-01,7.7,18.09,12.89,13.36478,7.3,3.29417
2013-05-02,8.02,16.33,12.17,14.74476,0.0,2.00954
2013-05-03,6.63,17.99,12.31,17.17062,0.0,3.04413
2013-05-04,2.86,14.47,8.67,15.09945,0.0,1.83224
2013-05-05,3.94,18.92,11.43,27.09047,0.0,3.298
2013-05-06,6.17,17.94,12.05,13.53443,0.8,2.50748
2013-05-07,11.63,21.57,16.6,21.93712,0.0,4.2203
2013-05-08,8.32,20.11,14.21,12.86829,4.0,1.89902
2013-05-09,8.32,16.39,12.36,21.30173,0.0,3.7216
2013-05-10,8.16,13.79,10.97,9.13017,0.0,2.0465
2013-05-11,8.14,15.61,11.88,17.00359,5.3,3.05351
2013-05-12,5.86,14.9,10.38,21.84202,1.8,3.26965
2013-05-13,9.16,15.24,12.2,11.12899,0.2,2.43096
2013-05-14,7.73,12.45,10.09,12.16066,2.8,2.20521
2013-05-15,7.85,15.81,11.83,21.26336,1.0,3.55148
2013-05-16,8.16,13.69,10.93,12.20691,0.2,2.1301
2013-05-17,7.33,11.47,9.4,6.83757,0.0,1.32608
2013-05-18,8.1,15.34,11.72,18.42029,0.8,2.92063
2013-05-19,10.08,12.03,11.05,4.11663,24.0,0.66195
2013-05-20,8.54,12.75,10.64,4.73833,10.4,0.72301
2013-05-21,9.22,10.8,10.01,3.27176,1.4,0.64455
2013-05-22,7.74,14.59,11.16,13.31687,0.2,2.64009
2013-05-23,4.27,10.09,7.18,15.48278,4.6,1.96839
2013-05-24,0.04,8.41,4.22,11.04106,7.2,0.76665
2013-05-25,3.69,14.66,9.18,26.64475,0.8,2.99559
2013-05-26,5.84,15.8,10.82,15.75782,0.0,2.94515
2013-05-27,2.83,18.31,10.57,27.00872,0.0,3.50864
2013-05-28,7.44,15.97,11.71,10.72342,3.2,1.92736
2013-05-29,4.51,15.0,9.75,17.91113,1.6,2.24517
2013-05-30,8.64,16.2,12.42,10.79797,0.8,1.72767
2013-05-31,9.94,17.72,13.83,16.33994,0.0,2.75144
2013-06-01,7.33,18.88,13.11,25.97048,0.0,3.84322
2013-06-02,6.2,18.09,12.14,25.74184,0.0,3.93341
2013-06-03,7.87,15.46,11.67,21.19724,0.0,3.32738
2013-06-04,6.63,18.15,12.39,29.63127,0.2,3.92745
2013-06-05,8.89,23.31,16.1,28.34798,0.0,4.41993
2013-06-06,10.87,26.81,18.84,28.02917,0.0,5.1003
2013-06-07,14.17,26.49,20.33,27.4813,0.0,5.79419
2013-06-08,12.41,23.91,18.16,27.96789,0.2,5.0953
2013-06-09,10.68,14.86,12.77,4.82326,5.9,1.23002
2013-06-10,10.25,17.46,13.86,18.67022,0.0,3.34137
2013-06-11,8.23,21.27,14.75,20.15454,0.0,2.84809
2013-06-12,13.63,22.75,18.19,15.71141,0.6,3.23042
2013-06-13,13.23,18.84,16.04,8.19895,4.2,2.26956
2013-06-14,5.83,19.57,12.7,25.06477,0.0,3.22793
2013-06-15,9.16,19.48,14.32,22.90151,0.0,4.11434
2013-06-16,9.07,21.05,15.06,19.53286,0.0,3.59597
2013-06-17,12.42,26.27,19.34,14.02278,6.0,2.83741
2013-06-18,15.35,27.95,21.65,20.54843,0.4,3.76277
2013-06-19,17.19,26.38,21.79,15.11633,16.8,3.69832
2013-06-20,17.25,24.87,21.06,15.3594,16.9,3.43732
2013-06-21,14.85,18.84,16.84,11.38973,5.1,2.52081
2013-06-22,14.45,17.34,15.89,10.05049,5.4,2.23036
2013-06-23,12.36,18.1,15.23,11.82409,2.0,3.15777
2013-06-24,11.17,16.62,13.89,11.71509,0.0,2.96021
2013-06-25,10.04,18.71,14.38,21.04457,0.2,3.56
2013-06-26,5.55,19.58,12.56,21.18769,3.8,2.85066
2013-06-27,11.0,18.58,14.79,19.7451,1.6,3.54839
2013-06-28,11.47,17.12,14.3,7.33427,6.2,1.37909
2013-06-29,14.24,19.54,16.89,20.45345,0.0,3.98121
2013-06-30,8.31,23.26,15.79,23.16698,0.2,3.23597
2013-07-01,11.85,20.57,16.21,15.59352,0.2,2.89835
2013-07-02,8.18,23.89,16.04,21.35746,3.8,2.88777
2013-07-03,14.73,19.98,17.36,11.98794,2.6,3.03974
2013-07-04,10.91,18.95,14.93,10.98231,0.0,1.73702
2013-07-05,14.44,20.06,17.25,12.98424,0.2,2.63557
2013-07-06,12.54,27.34,19.94,27.872,0.0,4.62025
2013-07-07,15.55,28.07,21.81,28.83472,0.0,5.73509
2013-07-08,15.02,27.65,21.34,30.05576,0.0,5.7447
2013-07-09,16.24,26.76,21.5,29.2034,0.0,5.55826
2013-07-10,13.76,24.57,19.16,29.14972,0.0,5.06483
2013-07-11,10.72,20.94,15.83,25.90045,0.2,4.44736
2013-07-12,9.85,21.02,15.43,27.90745,0.0,3.71953
2013-07-13,11.45,22.71,17.08,23.37183,0.2,3.90464
2013-07-14,10.93,26.82,18.88,27.79016,0.0,4.30419
2013-07-15,12.84,27.17,20.01,26.19985,0.0,4.32134
2013-07-16,13.33,27.55,20.44,26.42032,0.0,5.09796
2013-07-17,16.76,28.06,22.41,19.06229,0.0,5.04768
2013-07-18,16.85,29.01,22.93,27.48033,0.0,6.07425
2013-07-19,16.86,28.05,22.45,29.26384,0.0,6.45026
2013-07-20,16.25,26.65,21.45,28.94139,0.0,5.72993
2013-07-21,14.93,32.25,23.59,27.96614,0.0,5.91414
2013-07-22,17.81,32.66,25.23,22.06543,0.0,5.50534
2013-07-23,16.52,32.3,24.41,19.59177,3.6,4.99862
2013-07-24,16.78,27.05,21.91,22.40709,0.4,4.63794
2013-07-25,16.01,29.0,22.51,22.33198,10.2,4.89354
2013-07-26,19.13,28.69,23.91,20.36452,13.2,4.87708
2013-07-27,17.78,28.9,23.34,17.93982,19.3,4.25965
2013-07-28,16.14,24.94,20.54,22.73917,0.0,4.77029
2013-07-29,14.93,24.93,19.93,18.51465,8.3,4.18225
2013-07-30,13.86,20.6,17.23,11.46536,7.6,1.77336
2013-07-31,16.77,26.03,21.4,16.93655,0.2,4.13754
2013-08-01,15.88,32.47,24.18,27.75794,0.0,6.59477
2013-08-02,17.65,33.34,25.5,25.47764,0.6,6.75707
2013-08-03,16.23,25.41,20.82,24.47739,0.0,5.61959
2013-08-04,11.87,26.52,19.2,24.57944,0.0,4.70611
2013-08-05,11.86,29.37,20.62,22.83221,0.0,4.68457
2013-08-06,12.87,24.97,18.92,17.22378,0.6,3.60857
2013-08-07,16.23,18.41,17.32,4.86958,19.2,1.31503
2013-08-08,11.08,22.26,16.67,20.49196,0.0,3.2996
2013-08-09,10.72,25.3,18.01,17.65287,0.2,3.86076
2013-08-10,10.22,21.97,16.09,18.5943,0.0,3.55984
2013-08-11,8.41,22.88,15.64,18.84576,0.8,3.04739
2013-08-12,13.24,20.8,17.02,15.71595,0.2,3.3071
2013-08-13,8.1,21.05,14.57,21.31273,0.0,3.32209
2013-08-14,11.24,24.1,17.67,20.75151,0.0,3.9371
2013-08-15,11.14,25.35,18.25,17.74173,0.0,3.51142
2013-08-16,12.46,28.47,20.46,22.1051,0.4,4.91161
2013-08-17,15.19,25.86,20.52,16.55588,0.4,4.41654
2013-08-18,17.75,22.79,20.27,10.21862,4.8,2.79079
2013-08-19,13.52,22.38,17.95,19.16885,0.2,4.23119
2013-08-20,7.63,24.29,15.96,22.7063,0.0,3.43915
2013-08-21,9.63,25.54,17.59,22.26998,0.0,3.91749
2013-08-22,12.89,25.19,19.04,15.89569,0.0,3.89021
2013-08-23,14.88,28.39,21.64,21.54269,0.4,5.40619
2013-08-24,16.95,18.99,17.97,4.93055,14.7,1.73903
2013-08-25,13.45,16.89,15.17,4.93991,4.3,1.24035
2013-08-26,12.63,23.29,17.96,13.18533,0.2,3.13964
2013-08-27,13.97,23.36,18.66,12.84866,0.0,3.36896
2013-08-28,13.6,23.3,18.45,18.24368,0.2,3.75154
2013-08-29,12.14,24.58,18.36,17.55114,0.2,3.32706
2013-08-30,8.5,22.98,15.74,18.4722,0.0,2.63142
2013-08-31,13.02,22.97,17.99,10.56768,0.2,2.62436
2013-09-01,6.63,19.97,13.3,17.41887,0.0,2.73722
2013-09-02,8.64,22.87,15.76,20.22997,0.2,3.11671
2013-09-03,7.8,25.8,16.8,20.11112,0.0,2.78286
2013-09-04,13.44,29.39,21.41,20.49234,0.0,3.9641
2013-09-05,14.63,31.44,23.04,20.20338,0.0,4.97671
2013-09-06,13.08,22.67,17.88,14.30157,0.8,2.78034
2013-09-07,12.22,20.54,16.38,15.75457,0.0,3.23309
2013-09-08,10.79,21.52,16.16,16.39873,1.4,3.13351
2013-09-09,6.33,15.66,11.0,6.73092,32.6,0.53298
2013-09-10,7.32,17.2,12.26,13.50872,2.0,1.93646
2013-09-11,11.57,16.62,14.1,6.6446,0.4,1.65236
2013-09-12,9.72,19.14,14.43,12.93361,0.0,2.157
2013-09-13,10.32,16.98,13.65,4.27956,5.4,0.70796
2013-09-14,13.52,16.02,14.77,5.03183,1.4,0.99712
2013-09-15,9.14,17.56,13.35,13.25736,2.2,2.27688
2013-09-16,11.03,15.02,13.02,11.17364,3.6,2.3581
2013-09-17,6.77,15.99,11.38,6.09682,14.9,0.7533
2013-09-18,12.15,17.08,14.61,8.58088,6.7,1.86077
2013-09-19,7.19,16.48,11.84,11.57229,0.2,1.5242
2013-09-20,12.19,18.95,15.57,14.66838,0.2,2.5501
2013-09-21,7.59,18.44,13.02,10.80887,0.0,1.52047
2013-09-22,13.49,22.48,17.98,10.77535,0.2,1.99296
2013-09-23,10.2,22.08,16.14,16.48994,0.4,1.99528
2013-09-24,10.05,22.56,16.3,16.56304,0.2,2.17976
2013-09-25,8.38,22.06,15.22,11.12674,1.8,1.28884
2013-09-26,13.31,20.41,16.86,9.38323,0.2,2.08198
2013-09-27,9.81,20.16,14.98,13.02502,0.0,1.86213
2013-09-28,12.09,21.47,16.78,10.36363,0.0,2.60084
2013-09-29,13.81,21.78,17.8,10.48514,0.0,2.8242
2013-09-30,9.77,19.25,14.51,14.57124,0.0,2.32276
2013-10-01,11.15,17.63,14.39,9.5006,0.0,2.90564
2013-10-02,10.07,20.77,15.42,11.83474,0.0,2.89425
2013-10-03,10.3,20.56,15.43,9.90893,4.0,2.215
2013-10-04,16.02,20.85,18.44,8.82597,0.2,1.92364
2013-10-05,13.33,18.77,16.05,4.89482,0.0,1.3118
2013-10-06,9.74,19.84,14.79,8.10609,0.0,1.34722
2013-10-07,10.58,20.52,15.55,11.35471,0.2,1.71985
2013-10-08,9.09,19.73,14.41,11.22237,1.0,1.42556
2013-10-09,10.7,17.03,13.87,5.29112,3.6,1.13011
2013-10-10,5.45,9.71,7.58,3.54388,48.8,0.55175
2013-10-11,6.82,10.39,8.61,6.35861,0.4,0.71905
2013-10-12,5.73,11.74,8.73,6.62656,0.0,1.13205
2013-10-13,5.04,10.94,7.99,5.2463,6.2,0.71763
2013-10-14,9.3,14.06,11.68,3.1361,12.9,1.1012
2013-10-15,9.02,14.54,11.78,9.91479,0.2,1.51957
2013-10-16,3.56,11.85,7.71,3.10358,6.9,0.21119
2013-10-17,7.93,17.14,12.54,5.56607,3.7,0.81648
2013-10-18,6.94,13.54,10.24,3.31133,0.2,0.18531
2013-10-19,8.19,18.32,13.25,5.02768,0.2,0.61289
2013-10-20,12.2,17.64,14.92,4.91935,2.6,1.00622
2013-10-21,12.88,20.02,16.45,6.86516,0.0,1.60536
2013-10-22,13.99,21.69,17.84,6.999,1.2,1.78848
2013-10-23,13.17,19.37,16.27,6.98545,7.7,1.81638
2013-10-24,10.26,16.77,13.52,4.47331,1.0,0.68551
2013-10-25,12.22,18.28,15.25,3.04636,2.6,0.4872
2013-10-26,13.89,20.29,17.09,7.3644,0.2,1.39184
2013-10-27,13.75,16.36,15.05,5.71168,4.6,2.41349
2013-10-28,10.56,16.59,13.57,4.92742,2.0,2.0946
2013-10-29,8.57,13.58,11.07,8.14335,0.0,1.72681
2013-10-30,3.62,13.9,8.76,9.27502,0.2,0.82743
2013-10-31,3.71,13.2,8.46,7.83876,0.4,0.71809
2013-11-01,8.73,13.01,10.87,1.57874,14.9,0.70572
2013-11-02,8.6,15.18,11.89,3.34694,1.8,0.52123
2013-11-03,7.05,12.7,9.88,6.39152,3.6,1.64105
2013-11-04,5.33,13.1,9.21,2.9567,0.2,0.83013
2013-11-05,1.32,10.71,6.02,1.13634,10.1,0.02981
2013-11-06,8.71,15.07,11.89,1.47304,1.4,0.21848
2013-11-07,11.9,15.59,13.75,1.9995,23.8,0.80957
2013-11-08,8.34,13.12,10.73,2.19594,5.8,0.51127
2013-11-09,5.25,10.06,7.66,4.61379,5.4,0.32374
2013-11-10,5.88,9.08,7.48,5.38097,2.6,0.94814
2013-11-11,-0.74,10.27,4.76,6.3973,0.0,0.32391
2013-11-12,5.91,9.19,7.55,1.26778,3.2,0.20147
2013-11-13,3.53,11.1,7.31,6.60228,0.2,0.72698
2013-11-14,-1.44,10.32,4.44,3.22586,4.0,0.12498
2013-11-15,5.33,8.92,7.13,3.21563,0.2,0.71818
2013-11-16,0.51,5.58,3.04,3.05149,0.0,0.19379
2013-11-17,2.72,6.23,4.48,3.44849,0.0,0.39117
2013-11-18,3.43,4.9,4.17,0.70801,1.0,0.19283
2013-11-19,2.22,7.49,4.86,3.24809,0.6,0.51776
2013-11-20,-0.09,5.01,2.46,3.57699,8.3,0.32008
2013-11-21,-1.15,3.73,1.29,1.92089,0.0,0.02633
2013-11-22,0.75,5.12,2.94,2.23349,0.0,0.32393
2013-11-23,3.46,6.19,4.83,2.20216,0.0,0.62346
2013-11-24,0.93,9.13,5.03,2.33371,0.0,0.42841
2013-11-25,4.37,7.33,5.85,3.25253,0.2,0.72921
2013-11-26,2.73,7.12,4.92,2.57812,0.0,0.31252
2013-11-27,3.69,8.7,6.19,3.67504,0.0,0.60903
2013-11-28,1.14,7.76,4.45,0.79454,0.6,0.00924
2013-11-29,6.53,8.57,7.55,0.93984,0.2,0.41552
2013-11-30,2.21,9.83,6.02,3.67623,0.6,0.41686
2013-12-01,2.52,9.28,5.9,3.80213,0.2,0.29446
2013-12-02,3.03,8.75,5.89,3.70129,0.0,0.59969
2013-12-03,-2.08,6.14,2.03,5.15277,0.0,0.26603
2013-12-04,-0.65,7.3,3.32,1.75091,0.2,0.08868
2013-12-05,-2.39,7.95,2.78,4.99608,2.7,0.11642
2013-12-06,1.29,6.72,4.0,4.16807,0.0,0.83349
2013-12-07,3.74,7.33,5.54,1.15021,0.6,0.00394
2013-12-08,4.52,9.25,6.88,2.39498,0.4,0.58344
2013-12-09,0.62,8.06,4.34,4.57595,0.0,0.46603
2013-12-10,-1.55,6.33,2.39,5.44878,0.0,0.34802
2013-12-11,-0.78,5.71,2.46,5.18231,0.0,0.48358
2013-12-12,-1.61,0.43,-0.59,2.70104,0.0,0.09251
2013-12-13,-1.62,5.11,1.75,3.29011,3.4,0.3941
2013-12-14,0.59,8.52,4.55,4.26269,0.0,0.0
2013-12-15,5.26,9.97,7.62,2.36342,0.0,1.27134
2013-12-16,2.74,11.34,7.04,4.96944,0.0,1.15462
2013-12-17,2.05,8.68,5.37,3.59655,0.0,0.57167
2013-12-18,4.65,10.12,7.38,3.52002,5.6,0.39429
2013-12-19,4.03,9.38,6.71,2.23696,0.4,0.30944
2013-12-20,0.71,8.19,4.45,4.68908,0.0,0.30833
2013-12-21,3.35,7.74,5.54,1.85479,0.8,1.0136
2013-12-22,4.74,10.41,7.58,0.81633,3.5,0.28162
2013-12-23,4.61,11.5,8.05,1.61032,2.4,0.69389
2013-12-24,8.14,10.94,9.54,0.38719,17.3,0.71079
2013-12-25,5.77,9.16,7.46,3.42422,0.0,0.71707
2013-12-26,3.05,8.72,5.88,4.20604,0.4,0.42588
2013-12-27,3.43,11.97,7.7,1.02423,29.1,0.01366
2013-12-28,4.92,8.37,6.64,2.45619,0.2,0.20518
2013-12-29,4.2,8.09,6.14,4.69243,0.2,0.61652
2013-12-30,0.98,6.62,3.8,1.6089,1.4,6e-05
2013-12-31,5.42,7.5,6.46,1.37585,2.2,0.78946
2014-01-01,4.5,10.63,7.57,1.26418,2.0,0.59862
2014-01-02,5.55,10.58,8.06,4.07216,0.8,0.40741
2014-01-03,6.06,13.16,9.61,3.43153,0.6,1.11447
2014-01-04,6.26,11.23,8.75,3.19982,1.8,0.80873
2014-01-05,1.75,11.77,6.76,3.20694,0.0,0.72858
2014-01-06,6.93,12.97,9.95,1.76069,0.0,0.2917
2014-01-07,8.62,13.28,10.95,3.04717,0.8,1.1977
2014-01-08,4.9,11.28,8.09,3.79889,0.8,0.0
2014-01-09,7.33,11.46,9.39,0.90946,0.6,0.69309
2014-01-10,1.9,5.29,3.59,1.20321,0.0,0.0
2014-01-11,3.62,9.6,6.61,4.03481,0.0,0.60301
2014-01-12,-1.79,7.86,3.04,1.52727,0.2,0.29588
2014-01-13,4.05,9.37,6.71,3.89813,2.0,0.47747
2014-01-14,3.53,7.57,5.55,3.2662,4.8,0.48566
2014-01-15,1.02,8.73,4.88,0.91985,2.0,0.02687
2014-01-16,7.02,9.67,8.34,2.11208,6.0,0.50866
2014-01-17,6.57,9.84,8.21,3.01363,0.8,1.10456
2014-01-18,2.88,9.02,5.95,4.96975,0.0,0.48972
2014-01-19,5.16,8.99,7.08,1.75561,0.0,0.30995
2014-01-20,3.45,7.3,5.38,1.90246,0.2,0.21912
2014-01-21,1.72,4.29,3.0,1.38563,0.0,0.11655
2014-01-22,1.15,6.64,3.89,4.36231,2.6,0.60087
2014-01-23,2.89,8.31,5.6,2.61307,5.6,0.51059
2014-01-24,-0.55,7.13,3.29,6.86854,0.4,0.42229
2014-01-25,0.48,8.48,4.48,2.59057,1.4,0.62514
2014-01-26,1.3,8.97,5.14,1.42458,10.1,0.51863
2014-01-27,1.68,6.0,3.84,2.2046,5.0,0.62659
2014-01-28,2.02,5.6,3.81,1.09894,2.0,0.11438
2014-01-29,2.44,4.45,3.45,2.55276,1.6,0.40858
2014-01-30,3.33,6.25,4.79,2.26071,0.2,0.29905
2014-01-31,-0.47,7.82,3.68,5.56617,11.5,0.49349
2014-02-01,4.57,8.17,6.37,3.1658,1.8,0.80571
2014-02-02,1.43,8.82,5.13,8.0652,0.0,0.721
2014-02-03,-0.19,7.12,3.46,8.02752,0.0,0.5031
2014-02-04,1.5,8.38,4.94,6.14869,1.6,0.60603
2014-02-05,4.15,10.1,7.13,4.4768,0.0,1.22508
2014-02-06,4.9,12.64,8.77,1.94978,4.0,1.61391
2014-02-07,4.88,10.21,7.54,4.81461,5.8,1.2312
2014-02-08,4.11,9.17,6.64,2.64454,2.2,0.70756
2014-02-09,4.45,8.67,6.56,6.18286,0.0,1.82938
2014-02-10,3.17,7.05,5.11,4.27725,0.0,0.72778
2014-02-11,2.63,7.87,5.25,4.81332,2.4,0.62049
2014-02-12,1.34,8.74,5.04,7.22971,4.0,0.70776
2014-02-13,4.2,7.68,5.94,3.01164,4.6,0.81759
2014-02-14,2.04,13.3,7.67,1.25322,2.0,0.91385
2014-02-15,8.49,10.82,9.66,6.04015,0.0,2.41573
2014-02-16,5.36,11.22,8.29,8.17396,0.2,1.5265
2014-02-17,2.89,10.04,6.46,7.02469,0.0,0.80139
2014-02-18,2.7,7.88,5.29,3.03958,0.8,0.38988
2014-02-19,3.02,9.51,6.26,3.06393,1.4,0.22504
2014-02-20,5.53,10.76,8.14,1.60626,3.2,0.00784
2014-02-21,5.38,9.9,7.64,8.78838,2.0,1.53228
2014-02-22,3.41,9.9,6.66,6.3658,0.6,1.01744
2014-02-23,2.13,13.1,7.62,9.34931,0.0,1.08645
2014-02-24,3.16,13.47,8.32,10.59102,0.0,1.19897
2014-02-25,7.25,12.67,9.96,4.26809,1.2,1.71573
2014-02-26,2.05,10.02,6.04,9.73128,0.0,0.62245
2014-02-27,1.28,8.72,5.0,2.78455,5.0,0.31971
2014-02-28,2.64,6.23,4.44,2.16926,6.0,0.12895
2014-03-01,0.42,7.41,3.92,2.3468,3.4,0.31512
2014-03-02,-1.92,10.08,4.08,11.25989,4.6,1.10891
2014-03-03,4.66,9.41,7.04,8.31755,8.4,1.23154
2014-03-04,0.22,10.67,5.45,8.07517,0.0,0.73207
2014-03-05,-1.04,12.3,5.63,12.85885,0.2,0.82595
2014-03-06,-0.49,13.68,6.59,14.12468,0.0,1.11779
2014-03-07,1.07,13.07,7.07,10.53063,0.2,1.09323
2014-03-08,1.06,16.89,8.97,14.97364,0.0,1.68342
2014-03-09,3.69,18.91,11.3,15.59659,0.0,2.15986
2014-03-10,2.68,18.55,10.62,15.2996,0.0,1.87429
2014-03-11,7.22,13.52,10.37,14.57453,0.0,1.69564
2014-03-12,5.06,17.81,11.43,15.5918,0.0,2.09697
2014-03-13,3.22,18.31,10.76,15.46205,0.2,1.69753
2014-03-14,3.51,16.05,9.78,13.5176,0.0,1.69158
2014-03-15,5.9,12.24,9.07,6.89687,0.2,1.30919
2014-03-16,5.02,16.44,10.73,16.90367,0.0,1.92201
2014-03-17,5.72,9.69,7.71,2.42295,0.0,0.07409
2014-03-18,7.58,10.85,9.21,4.2712,0.4,1.05298
2014-03-19,5.51,15.12,10.31,13.70931,0.0,1.80138
2014-03-20,2.53,19.67,11.1,18.00211,0.0,2.55149
2014-03-21,7.13,12.27,9.7,8.79015,1.0,1.98792
2014-03-22,3.48,11.56,7.52,10.19742,2.8,1.82073
2014-03-23,2.03,9.54,5.78,12.35889,2.0,1.55042
2014-03-24,0.42,11.41,5.92,16.26145,0.0,1.72602
2014-03-25,0.47,10.08,5.28,8.98413,0.0,1.52853
2014-03-26,1.42,10.71,6.07,15.77612,0.0,1.92726
2014-03-27,-1.09,13.3,6.11,16.86626,0.0,1.81545
2014-03-28,0.31,15.64,7.98,16.43115,0.0,1.88945
2014-03-29,3.87,19.88,11.88,18.73377,0.0,3.27628
2014-03-30,6.91,19.22,13.06,11.58881,0.0,2.76423
2014-03-31,6.37,21.24,13.8,15.56518,0.0,2.90071
2014-04-01,6.72,20.5,13.61,18.19533,0.0,2.50052
2014-04-02,8.08,21.52,14.8,17.61875,0.0,3.1841
2014-04-03,9.99,19.33,14.66,11.54983,0.0,2.90709
2014-04-04,9.85,13.49,11.67,5.1597,0.0,1.23747
2014-04-05,4.85,18.71,11.78,20.19531,0.0,2.63231
2014-04-06,8.45,18.66,13.55,9.75804,0.2,1.41535
2014-04-07,10.92,21.49,16.2,16.50696,4.9,3.07994
2014-04-08,7.1,12.68,9.89,16.82869,1.0,2.61366
2014-04-09,2.02,14.74,8.38,16.36973,0.0,1.81473
2014-04-10,2.88,17.48,10.18,22.1759,0.2,2.18208
2014-04-11,5.98,16.63,11.3,17.9094,0.0,2.66587
2014-04-12,6.31,15.58,10.95,15.65498,0.2,2.69766
2014-04-13,5.7,15.73,10.71,11.937,0.0,2.20893
2014-04-14,4.24,14.73,9.48,21.04768,0.0,2.91096
2014-04-15,2.14,13.17,7.66,23.5197,0.0,2.71618
2014-04-16,1.02,15.23,8.13,24.30011,0.0,2.89963
2014-04-17,1.47,19.0,10.23,23.53075,0.0,3.37975
2014-04-18,7.85,13.58,10.71,18.06649,0.0,3.41849
2014-04-19,3.02,14.01,8.52,17.36483,0.0,2.52969
2014-04-20,11.01,18.08,14.54,18.29186,0.0,4.23577
2014-04-21,5.31,18.6,11.96,16.18363,0.0,2.93299
2014-04-22,8.05,18.66,13.36,16.00371,0.4,2.82492
2014-04-23,5.06,20.35,12.71,17.92687,1.4,2.29966
2014-04-24,10.54,18.47,14.5,13.9974,7.0,2.29062
2014-04-25,11.84,18.79,15.31,11.57055,0.4,2.75384
2014-04-26,6.22,13.55,9.88,8.93053,3.4,1.01786
2014-04-27,5.26,16.11,10.68,12.24954,0.8,1.74984
2014-04-28,7.25,16.53,11.89,14.30985,0.0,2.66227
2014-04-29,6.92,17.37,12.14,14.68715,0.0,2.23546
2014-04-30,6.66,19.4,13.03,21.87424,3.8,2.97829
2014-05-01,8.74,18.0,13.37,14.07759,11.3,2.05328
2014-05-02,10.67,16.15,13.41,11.94188,0.2,2.86055
2014-05-03,4.55,14.47,9.51,23.29088,0.0,3.37294
2014-05-04,2.42,16.57,9.5,24.68191,0.0,2.72756
2014-05-05,3.39,20.81,12.1,27.09955,0.0,3.59443
2014-05-06,9.97,19.75,14.86,14.02936,11.7,2.60631
2014-05-07,10.0,16.68,13.34,17.42865,0.2,3.04853
2014-05-08,8.22,13.88,11.05,5.96049,12.9,0.69477
2014-05-09,11.43,17.47,14.45,17.15493,0.0,3.63596
2014-05-10,7.0,15.77,11.38,7.44734,8.5,1.09483
2014-05-11,8.66,15.21,11.94,21.89417,0.8,3.8578
2014-05-12,6.77,14.63,10.7,19.51051,4.8,2.55851
2014-05-13,6.46,15.76,11.11,17.11027,3.4,2.57346
2014-05-14,2.59,17.32,9.96,25.16107,0.0,2.84904
2014-05-15,4.05,15.81,9.93,26.76478,0.0,3.1688
2014-05-16,4.68,18.5,11.59,29.42214,0.0,3.55314
2014-05-17,6.44,20.96,13.7,28.77337,0.0,3.92399
2014-05-18,8.0,23.41,15.71,28.87592,0.0,4.10455
2014-05-19,9.42,24.48,16.95,29.77571,0.0,4.72954
2014-05-20,12.33,22.8,17.57,17.26157,15.1,3.61872
2014-05-21,11.54,20.64,16.09,7.88029,3.2,1.49166
2014-05-22,10.34,20.51,15.43,20.77813,2.8,3.40336
2014-05-23,8.56,19.68,14.12,21.38147,7.6,3.11207
2014-05-24,10.58,17.83,14.2,16.28788,0.2,3.2271
2014-05-25,6.12,20.4,13.26,24.21907,0.8,2.99912
2014-05-26,12.23,15.27,13.75,5.42036,23.2,0.85639
2014-05-27,13.05,16.51,14.78,9.97656,0.2,2.04209
2014-05-28,11.86,15.81,13.84,8.14609,0.2,1.59986
2014-05-29,11.85,18.7,15.27,13.75098,0.0,2.55503
2014-05-30,11.45,19.8,15.63,24.96514,0.0,3.55483
2014-05-31,8.03,19.98,14.0,24.76762,0.2,3.72697
2014-06-01,7.98,19.06,13.52,18.03842,0.2,3.13639
2014-06-02,6.13,20.41,13.27,23.92006,0.0,3.04612
2014-06-03,11.54,21.18,16.36,15.52906,15.7,2.73483
2014-06-04,11.86,18.22,15.04,11.68993,11.7,2.36104
2014-06-05,6.96,19.49,13.22,27.02831,0.0,3.91965
2014-06-06,8.56,25.71,17.14,30.77846,0.0,4.48983
2014-06-07,14.36,28.27,21.31,24.6648,3.6,4.56723
2014-06-08,15.05,27.34,21.2,25.58278,1.2,4.46711
2014-06-09,16.35,26.5,21.43,17.46242,17.6,3.44791
2014-06-10,15.17,21.93,18.55,10.52529,9.5,1.98084
2014-06-11,13.75,23.5,18.63,30.06898,0.0,5.03099
2014-06-12,11.74,23.32,17.53,32.00191,0.0,5.04263
2014-06-13,11.83,23.14,17.48,28.51066,0.0,4.43702
2014-06-14,12.49,21.37,16.93,25.35334,0.2,4.54159
2014-06-15,10.67,20.16,15.41,24.07979,0.0,4.02574
2014-06-16,10.25,17.97,14.11,19.93746,0.2,3.12972
2014-06-17,10.27,18.79,14.53,15.32348,0.0,3.06641
2014-06-18,10.46,21.8,16.13,30.7074,0.2,4.45756
2014-06-19,10.22,21.03,15.63,24.69476,0.0,3.84153
2014-06-20,10.63,19.83,15.23,20.48643,0.0,3.71738
2014-06-21,7.03,23.07,15.05,28.81082,0.0,3.99826
2014-06-22,11.88,23.52,17.7,29.73562,0.0,4.98182
2014-06-23,10.19,23.21,16.7,31.57923,0.2,5.0264
2014-06-24,10.67,25.09,17.88,27.83418,0.6,4.63408
2014-06-25,13.24,20.84,17.04,31.20776,0.0,5.71803
2014-06-26,8.23,24.19,16.21,28.74702,0.0,4.54893
2014-06-27,12.54,24.34,18.44,21.83923,0.0,4.02011
2014-06-28,12.72,20.01,16.37,9.7875,18.0,2.014
2014-06-29,11.97,18.8,15.39,15.35231,2.4,2.56271
2014-06-30,9.61,20.69,15.15,21.31413,0.4,3.24315
2014-07-01,11.06,22.51,16.79,28.12838,0.0,4.82435
2014-07-02,9.71,23.57,16.64,31.3764,0.0,4.85
2014-07-03,9.59,28.01,18.8,30.77124,0.2,5.01697
2014-07-04,12.92,25.18,19.05,16.15262,1.8,3.16078
2014-07-05,16.75,23.37,20.06,10.77815,4.2,2.63703
2014-07-06,14.15,20.93,17.54,11.64867,5.0,2.2062
2014-07-07,8.6,21.3,14.95,18.81217,2.8,2.74204
2014-07-08,13.36,19.11,16.23,11.36814,3.8,2.47016
2014-07-09,12.09,16.02,14.05,5.7688,16.9,1.1016
2014-07-10,13.89,17.48,15.69,5.02334,4.8,0.74876
2014-07-11,14.35,17.4,15.88,5.16147,2.8,1.68894
2014-07-12,14.43,21.3,17.87,10.17586,0.0,2.3791
2014-07-13,13.43,22.7,18.06,12.11476,7.2,2.45135
2014-07-14,12.61,23.41,18.01,20.14352,0.0,4.05269
2014-07-15,10.19,22.25,16.22,11.10004,0.0,2.01439
2014-07-16,13.34,28.35,20.84,25.83817,0.0,4.6301
2014-07-17,14.4,30.92,22.66,26.44347,0.0,5.40708
2014-07-18,17.59,34.54,26.06,27.3223,0.0,7.13642
2014-07-19,20.08,30.21,25.14,16.117,5.9,5.27557
2014-07-20,17.56,23.41,20.48,11.13134,1.6,2.35793
2014-07-21,17.05,24.06,20.55,18.22615,0.0,3.88857
2014-07-22,17.02,23.93,20.48,7.51324,0.0,2.35349
2014-07-23,16.81,30.52,23.66,26.88982,0.0,6.17468
2014-07-24,16.63,29.29,22.96,26.02739,0.0,6.03698
2014-07-25,14.36,26.55,20.45,20.1036,0.0,4.43494
2014-07-26,15.44,25.4,20.42,14.44573,0.0,3.35826
2014-07-27,15.64,27.83,21.73,20.43124,3.6,4.44808
2014-07-28,16.39,21.18,18.79,10.17595,2.0,2.43693
2014-07-29,14.04,23.04,18.54,8.70275,0.0,1.96615
2014-07-30,14.73,24.44,19.59,20.63385,0.2,4.2771
2014-07-31,10.13,26.0,18.07,26.81218,0.0,4.14249
2014-08-01,12.53,27.74,20.13,25.58797,0.0,4.52118
2014-08-02,15.11,24.98,20.05,18.72206,1.4,4.04619
2014-08-03,13.95,25.37,19.66,19.56301,0.0,3.74071
2014-08-04,13.35,23.97,18.66,16.83648,0.2,4.14997
2014-08-05,9.3,24.41,16.86,21.93303,0.0,3.14069
2014-08-06,14.56,21.24,17.9,7.27287,10.7,1.72584
2014-08-07,12.43,25.4,18.91,16.16499,2.0,2.75814
2014-08-08,17.05,22.62,19.84,8.05219,4.6,1.81327
2014-08-09,15.21,22.9,19.05,18.47593,0.2,3.83458
2014-08-10,15.41,24.09,19.75,11.54685,2.2,3.40347
2014-08-11,11.75,22.52,17.13,19.9107,3.7,4.05362
2014-08-12,11.14,21.3,16.22,17.81177,11.2,2.94691
2014-08-13,11.95,22.43,17.19,22.57325,0.0,3.85088
2014-08-14,11.45,20.13,15.79,13.15091,7.2,2.35731
2014-08-15,11.95,18.82,15.38,10.46412,9.1,1.85379
2014-08-16,9.35,21.42,15.39,19.74705,0.0,2.95406
2014-08-17,11.35,18.85,15.1,10.87756,0.6,2.62426
2014-08-18,12.94,20.72,16.83,19.46615,0.2,4.31349
2014-08-19,8.73,18.49,13.61,14.82539,0.2,2.92885
2014-08-20,5.57,18.3,11.94,15.10323,0.0,2.04858
2014-08-21,6.21,19.79,13.0,15.67196,0.0,2.806
2014-08-22,9.74,19.73,14.73,13.60975,2.0,2.68947
2014-08-23,9.27,18.92,14.1,18.91466,1.2,3.21264
2014-08-24,7.02,20.59,13.8,18.30923,0.0,2.86105
2014-08-25,10.26,17.0,13.63,5.24296,26.6,1.57935
2014-08-26,13.22,21.21,17.21,8.54702,12.3,1.73523
2014-08-27,13.04,21.52,17.28,10.74437,0.4,1.93231
2014-08-28,14.28,23.53,18.91,9.91379,1.4,2.11878
2014-08-29,13.81,21.89,17.85,15.08193,0.2,2.94469
2014-08-30,12.1,19.84,15.97,7.22445,1.6,1.51804
2014-08-31,13.74,21.09,17.41,16.20695,0.0,3.5375
2014-09-01,9.84,21.55,15.7,14.0782,0.0,2.35305
2014-09-02,13.89,23.13,18.51,11.82177,0.0,2.63812
2014-09-03,12.24,22.09,17.16,20.98779,0.0,3.13076
2014-09-04,11.61,22.38,16.99,10.7505,0.0,2.39442
2014-09-05,14.79,23.84,19.31,15.32189,0.0,3.10725
2014-09-06,17.14,21.53,19.34,5.33539,0.0,1.60823
2014-09-07,12.59,24.37,18.48,15.41659,0.2,2.88914
2014-09-08,12.73,23.07,17.9,18.41121,0.0,3.00222
2014-09-09,10.25,21.08,15.66,20.18354,0.2,3.14028
2014-09-10,9.37,19.26,14.32,18.63052,0.0,2.92971
2014-09-11,9.62,21.09,15.36,15.96982,0.0,2.62549
2014-09-12,10.35,21.82,16.09,19.32983,0.2,3.0356
2014-09-13,12.44,21.49,16.96,18.02735,0.0,3.3312
2014-09-14,11.53,19.35,15.44,12.62872,0.0,2.31837
2014-09-15,11.83,24.24,18.04,17.56478,0.0,3.00979
2014-09-16,11.59,25.53,18.56,17.88749,0.2,3.1098
2014-09-17,14.8,26.85,20.83,14.91962,0.0,3.71265
2014-09-18,16.84,26.5,21.67,15.51747,0.0,3.44114
2014-09-19,13.63,26.77,20.2,14.98406,0.2,2.73498
2014-09-20,14.83,26.35,20.59,12.31552,12.8,2.6118
2014-09-21,14.85,19.26,17.05,9.12309,0.2,2.21561
2014-09-22,10.53,17.6,14.07,12.58841,0.2,2.13018
2014-09-23,6.17,17.84,12.0,13.81133,0.0,1.82565
2014-09-24,5.62,16.18,10.9,5.98033,5.4,0.53333
2014-09-25,5.11,18.11,11.61,14.02988,0.2,1.22873
2014-09-26,7.63,21.36,14.49,13.5945,0.0,1.72085
2014-09-27,13.98,22.92,18.45,15.03505,0.0,2.39266
2014-09-28,11.68,23.44,17.56,13.4753,0.0,2.27884
2014-09-29,13.32,19.95,16.63,5.18751,2.4,0.9072
2014-09-30,13.37,22.38,17.88,12.81126,0.2,2.02275
2014-10-01,10.9,22.89,16.89,12.96135,0.0,1.91365
2014-10-02,13.8,20.68,17.24,5.9044,0.0,1.51311
2014-10-03,11.38,23.29,17.34,12.82783,0.2,1.80977
2014-10-04,10.17,22.37,16.27,12.09382,5.1,2.09726
2014-10-05,11.04,14.57,12.8,5.57445,0.0,1.74235
2014-10-06,10.38,13.79,12.09,3.92952,7.6,0.79932
2014-10-07,10.35,15.82,13.09,6.19594,0.2,1.61791
2014-10-08,7.42,18.72,13.07,5.58944,15.3,0.28915
2014-10-09,13.22,18.82,16.02,8.93576,0.0,2.01152
2014-10-10,10.82,17.37,14.1,10.23381,0.2,1.42638
2014-10-11,11.06,18.24,14.65,7.32193,7.3,1.31005
2014-10-12,7.73,15.94,11.84,4.71527,3.6,0.41754
2014-10-13,12.79,17.86,15.32,7.50006,0.0,2.41823
2014-10-14,7.86,17.12,12.49,11.24793,0.0,1.5114
2014-10-15,6.69,14.8,10.75,4.0017,3.4,0.29813
2014-10-16,13.41,18.26,15.84,6.17719,11.9,1.11554
2014-10-17,13.03,18.44,15.73,6.57571,0.2,1.11962
2014-10-18,12.31,23.8,18.05,11.37445,0.2,1.5832
2014-10-19,13.5,23.07,18.29,9.43347,0.4,1.57925
2014-10-20,12.01,16.3,14.16,6.38975,0.2,1.37846
2014-10-21,10.12,15.28,12.7,4.9106,3.8,2.21971
2014-10-22,5.68,13.44,9.56,9.19636,0.0,1.54343
2014-10-23,7.43,14.72,11.07,4.37402,0.0,1.1459
2014-10-24,10.47,13.31,11.89,2.83978,4.6,1.03183
2014-10-25,11.31,15.94,13.63,4.38687,2.8,1.00367
2014-10-26,8.46,16.74,12.6,5.38774,0.2,0.71342
2014-10-27,10.1,17.82,13.96,8.01262,0.0,1.20479
2014-10-28,7.74,10.38,9.06,1.85572,0.2,0.4057
2014-10-29,9.09,13.11,11.1,2.46285,0.2,0.49775
2014-10-30,9.61,18.84,14.22,6.44278,0.2,1.08348
2014-10-31,9.45,19.36,14.4,7.73868,0.4,1.07761
2014-11-01,8.88,19.16,14.02,8.43703,0.2,0.87706
2014-11-02,11.46,17.31,14.38,6.24444,2.0,1.29273
2014-11-03,10.55,14.85,12.7,2.40804,11.6,1.51152
2014-11-04,7.06,10.69,8.88,3.60987,0.0,0.71992
2014-11-05,2.43,10.51,6.47,5.41642,0.2,0.41398
2014-11-06,3.6,11.68,7.64,8.17196,0.0,0.81704
2014-11-07,5.59,13.48,9.54,3.40493,3.4,1.41316
2014-11-08,6.12,12.74,9.43,6.52413,0.2,0.70228
2014-11-09,6.36,11.75,9.05,2.40887,0.0,0.60672
2014-11-10,4.9,11.67,8.29,7.10882,0.2,0.60597
2014-11-11,4.88,15.32,10.1,6.25793,0.2,0.79201
2014-11-12,8.23,14.09,11.16,5.78992,0.2,1.21004
2014-11-13,3.6,11.7,7.65,3.96256,0.0,0.40109
2014-11-14,7.52,10.08,8.8,0.97059,16.0,0.18826
2014-11-15,8.45,11.09,9.77,1.26056,4.0,0.41178
2014-11-16,5.71,11.7,8.71,3.7423,1.8,0.5101
2014-11-17,7.74,10.01,8.88,2.33463,0.8,0.51638
2014-11-18,6.53,12.32,9.43,5.04692,0.2,0.62182
2014-11-19,2.69,8.79,5.74,3.28218,0.2,0.19835
2014-11-20,5.73,8.8,7.27,2.30174,0.0,0.48114
2014-11-21,4.0,9.03,6.51,3.22491,0.0,0.39186
2014-11-22,6.19,11.59,8.89,3.064,0.0,0.39251
2014-11-23,7.57,14.17,10.87,4.60806,1.0,0.45979
2014-11-24,7.41,11.18,9.29,5.29427,0.0,0.97914
2014-11-25,5.1,9.77,7.43,2.92174,3.0,0.69851
2014-11-26,7.32,10.51,8.91,0.83114,2.6,0.20336
2014-11-27,8.79,10.01,9.4,1.43194,0.4,0.19743
2014-11-28,8.19,11.36,9.77,2.7409,0.0,1.30293
2014-11-29,3.63,6.46,5.04,2.87367,0.0,0.6913
2014-11-30,2.69,6.86,4.78,1.11119,0.2,0.19669
2014-12-01,2.24,3.54,2.89,0.27872,0.2,0.30967
2014-12-02,1.84,3.4,2.62,0.57378,2.4,0.31989
2014-12-03,0.75,2.05,1.4,1.50523,0.0,0.41741
2014-12-04,0.33,3.54,1.94,0.99605,0.0,0.20448
2014-12-05,2.27,4.75,3.51,0.5378,0.4,0.10551
2014-12-06,3.23,8.3,5.77,3.26565,0.2,0.81995
2014-12-07,-1.96,5.99,2.02,1.25098,1.4,0.11492
2014-12-08,-0.58,4.17,1.79,1.13813,4.4,0.22004
2014-12-09,0.0,6.03,3.02,3.948,2.4,0.52184
2014-12-10,2.26,9.52,5.89,1.99347,1.8,0.31814
2014-12-11,5.86,9.03,7.45,1.52138,4.4,0.93235
2014-12-12,7.42,10.95,9.18,0.8401,19.2,1.00192
2014-12-13,2.73,4.08,3.41,0.59842,5.9,0.19811
2014-12-14,-2.9,3.21,0.16,1.90161,0.0,0.09069
2014-12-15,0.39,5.78,3.08,0.74568,1.6,0.0
2014-12-16,4.53,8.68,6.61,3.76146,5.0,0.61723
2014-12-17,1.82,11.74,6.78,0.63599,4.3,0.01505
2014-12-18,10.03,13.27,11.65,0.80721,0.6,0.62343
2014-12-19,7.53,11.97,9.75,0.54816,4.0,1.0249
2014-12-20,3.41,9.0,6.21,2.44072,0.2,0.82502
2014-12-21,2.23,8.49,5.36,1.61807,0.0,0.41925
2014-12-22,7.36,10.71,9.04,0.825,0.0,0.69045
2014-12-23,8.96,10.37,9.66,0.85039,0.2,0.93582
2014-12-24,7.42,10.32,8.87,0.94959,1.0,1.00419
2014-12-25,3.11,7.89,5.5,3.79629,0.0,0.9198
2014-12-26,-1.4,7.8,3.2,2.96199,9.9,0.61768
2014-12-27,0.95,4.88,2.92,0.85976,2.2,0.42095
2014-12-28,-2.74,-0.81,-1.78,4.7501,0.0,0.82848
2014-12-29,-5.3,3.59,-0.85,2.75166,0.2,0.02045
2014-12-30,-0.35,1.9,0.77,2.03623,0.0,0.1197
2014-12-31,0.84,4.51,2.67,1.92377,0.0,0.31473
2015-01-01,-3.39,4.46,0.53,4.9144,1.0,0.40084
2015-01-02,1.28,9.88,5.58,2.19464,0.0,0.59072
2015-01-03,0.16,12.17,6.17,0.26457,9.5,0.71117
2015-01-04,1.2,6.66,3.93,3.02487,0.0,0.5206
2015-01-05,-2.93,-0.37,-1.65,1.63673,0.0,0.0
2015-01-06,-2.23,3.34,0.55,1.2684,0.0,0.08772
2015-01-07,-1.6,7.33,2.87,1.72807,0.0,0.40846
2015-01-08,2.76,10.75,6.75,0.68559,9.0,0.19997
2015-01-09,5.71,14.96,10.34,1.25172,1.0,0.81233
2015-01-10,8.59,13.33,10.96,1.56328,2.0,1.41014
2015-01-11,2.87,7.81,5.34,4.92375,0.0,1.23153
2015-01-12,6.04,10.02,8.03,1.46602,0.0,1.48215
2015-01-13,7.38,10.56,8.97,1.54762,1.4,1.27265
2015-01-14,0.82,9.79,5.3,3.69998,5.0,1.01511
2015-01-15,3.8,10.6,7.2,0.76112,3.8,0.78813
2015-01-16,3.25,7.75,5.5,3.18283,5.8,0.60849
2015-01-17,-0.77,6.01,2.62,6.06301,0.0,0.51537
2015-01-18,0.66,6.17,3.42,4.4757,2.6,0.70121
2015-01-19,-0.05,1.98,0.96,1.4396,1.2,0.19831
2015-01-20,-2.85,0.25,-1.3,2.25117,0.0,0.11058
2015-01-21,-1.68,1.71,0.02,2.78675,0.0,0.49238
2015-01-22,-2.49,-0.06,-1.28,2.76701,0.0,0.30121
2015-01-23,-1.0,2.79,0.9,4.1593,1.0,0.52524
2015-01-24,-2.27,5.85,1.79,4.4315,2.8,0.4267
2015-01-25,-1.0,5.34,2.17,2.71144,0.2,0.31874
2015-01-26,3.12,9.21,6.17,1.29702,2.8,0.42108
2015-01-27,0.32,7.32,3.82,3.96338,0.2,0.52228
2015-01-28,3.16,8.39,5.78,1.50856,2.6,1.02409
2015-01-29,1.94,4.91,3.42,1.82048,5.0,0.72092
2015-01-30,0.58,2.73,1.66,1.94861,1.8,0.43261
2015-01-31,-1.28,3.84,1.28,2.96539,2.2,0.2183
2015-02-01,0.72,4.66,2.69,2.27761,6.5,0.62887
2015-02-02,0.21,3.72,1.97,6.55122,0.0,0.81759
2015-02-03,-2.51,4.01,0.75,7.22841,0.0,0.41189
2015-02-04,-0.95,4.82,1.94,8.10181,0.0,0.71075
2015-02-05,-1.51,1.34,-0.08,5.86664,0.0,0.71924
2015-02-06,-1.72,1.01,-0.35,6.47163,0.0,1.32035
2015-02-07,-2.83,4.53,0.85,8.55718,0.0,0.81555
2015-02-08,2.83,6.55,4.69,4.36774,1.4,0.92874
2015-02-09,-1.94,2.87,0.47,2.60781,0.0,0.10925
2015-02-10,1.87,5.76,3.81,2.10719,0.0,0.39837
2015-02-11,2.61,4.35,3.48,2.66077,0.0,0.778
2015-02-12,-2.18,2.54,0.18,3.36699,0.0,0.36844
2015-02-13,-0.92,11.14,5.11,7.75561,3.0,0.68267
2015-02-14,4.17,9.4,6.79,3.63805,0.4,0.81128
2015-02-15,3.12,10.47,6.79,9.59962,0.0,0.90868
2015-02-16,-0.63,3.94,1.66,2.95736,0.0,0.10246
2015-02-17,2.7,7.68,5.19,2.43788,0.6,0.71048
2015-02-18,-0.87,2.86,0.99,4.33541,0.0,0.30882
2015-02-19,0.58,6.74,3.66,5.54668,1.2,0.78735
2015-02-20,2.49,7.45,4.97,1.19548,10.7,0.17446
2015-02-21,2.14,5.49,3.82,4.49978,0.6,0.61229
2015-02-22,-1.42,7.72,3.15,10.29107,10.3,0.81503
2015-02-23,3.81,10.49,7.15,7.09869,0.8,1.62658
2015-02-24,2.45,9.93,6.19,8.15303,0.6,1.52421
2015-02-25,0.24,7.79,4.01,3.306,2.8,0.20889
2015-02-26,5.87,10.19,8.03,2.65556,9.3,0.42425
2015-02-27,2.77,8.24,5.5,10.4937,0.0,1.54001
2015-02-28,-1.37,9.77,4.2,8.96331,3.0,1.20885
2015-03-01,7.16,12.1,9.63,7.52203,0.0,1.91337
2015-03-02,3.62,9.11,6.37,9.35835,4.6,1.62883
2015-03-03,1.34,9.66,5.5,6.5878,4.0,1.40719
2015-03-04,0.25,8.92,4.58,11.5289,1.0,1.32575
2015-03-05,-1.09,10.03,4.47,12.18051,0.0,0.921
2015-03-06,-1.29,11.05,4.88,12.27126,0.0,0.9069
2015-03-07,-0.08,13.74,6.83,10.36494,0.0,1.58045
2015-03-08,0.24,18.15,9.19,14.63526,0.0,1.76409
2015-03-09,7.05,12.54,9.79,4.93714,0.2,0.96778
2015-03-10,6.65,13.78,10.21,7.62442,0.0,1.57846
2015-03-11,1.36,12.1,6.73,12.43762,0.0,1.59493
2015-03-12,-1.87,13.69,5.91,15.58151,0.0,2.10109
2015-03-13,-1.19,12.23,5.52,13.01772,0.0,1.73156
2015-03-14,1.76,10.04,5.9,12.55001,0.4,2.03706
2015-03-15,3.65,7.02,5.33,4.65566,0.4,1.10367
2015-03-16,-0.34,12.45,6.05,13.9056,0.0,1.18556
2015-03-17,2.77,17.11,9.94,15.38692,0.0,2.08271
2015-03-18,5.36,13.0,9.18,12.20277,0.0,1.98816
2015-03-19,5.41,8.08,6.75,2.3924,0.0,1.0884
2015-03-20,6.18,11.41,8.79,10.49645,0.0,1.90759
2015-03-21,2.59,9.13,5.86,6.18714,0.0,1.10913
2015-03-22,4.86,9.3,7.08,13.75332,0.0,2.01132
2015-03-23,-1.11,12.3,5.6,17.03483,0.0,1.59679
2015-03-24,-0.33,9.24,4.46,7.65153,7.9,0.88352
2015-03-25,3.97,7.92,5.95,6.33044,1.2,1.31972
2015-03-26,-2.11,8.07,2.98,4.91732,4.4,0.31492
2015-03-27,1.49,11.48,6.49,14.13939,0.0,1.6224
2015-03-28,1.92,16.09,9.0,4.77691,1.6,0.73433
2015-03-29,9.34,12.6,10.97,2.76783,3.0,1.33248
2015-03-30,8.25,12.58,10.41,13.35166,2.4,2.94844
2015-03-31,8.23,12.79,10.51,9.91676,1.0,3.60619
2015-04-01,3.67,11.03,7.35,16.69185,2.0,2.75256
2015-04-02,6.36,10.44,8.4,10.97204,4.0,2.16243
2015-04-03,2.18,8.85,5.51,3.11328,4.4,0.21434
2015-04-04,6.14,8.32,7.23,5.66955,0.6,1.24029
2015-04-05,1.07,11.03,6.05,18.35204,0.0,2.13541
2015-04-06,0.83,12.07,6.45,12.75326,0.0,1.51007
2015-04-07,1.43,14.64,8.04,20.53541,0.0,2.3087
2015-04-08,2.38,16.38,9.38,19.58568,0.0,2.08822
2015-04-09,3.0,19.72,11.36,21.00545,0.0,2.74598
2015-04-10,4.37,22.21,13.29,20.42441,1.0,3.4474
2015-04-11,10.91,15.11,13.01,7.23223,0.2,2.88339
2015-04-12,0.76,18.36,9.56,21.07076,0.0,2.38499
2015-04-13,5.31,17.17,11.24,17.06627,0.0,2.27769
2015-04-14,5.98,23.0,14.49,22.22412,0.0,3.45003
2015-04-15,7.47,26.25,16.86,22.45075,0.0,4.02546
2015-04-16,9.2,22.17,15.69,16.22933,0.0,3.36676
2015-04-17,8.9,16.08,12.49,14.16409,0.0,4.24569
2015-04-18,4.97,15.56,10.27,23.85279,0.0,4.22619
2015-04-19,3.93,16.14,10.04,23.96533,0.0,3.43549
2015-04-20,4.57,20.14,12.36,22.33447,0.0,4.01324
2015-04-21,6.48,21.02,13.75,23.77042,0.0,4.19302
2015-04-22,5.04,16.83,10.93,24.51057,0.0,3.35368
2015-04-23,4.04,18.88,11.46,24.37045,0.0,3.19673
2015-04-24,3.81,22.39,13.1,21.68373,3.8,2.98336
2015-04-25,11.01,18.26,14.64,12.55092,4.0,2.63719
2015-04-26,11.11,16.58,13.84,11.09575,5.4,1.9142
2015-04-27,7.74,13.04,10.39,18.73653,0.0,3.44132
2015-04-28,0.72,13.12,6.92,22.50033,0.0,2.73351
2015-04-29,2.94,15.24,9.09,16.67708,3.8,2.71405
2015-04-30,6.34,12.9,9.62,9.60368,4.4,1.50142
2015-05-01,5.3,12.31,8.8,9.0603,0.8,1.51753
2015-05-02,7.71,13.4,10.55,7.61123,3.4,1.21615
2015-05-03,11.28,19.54,15.41,7.66015,2.4,1.90044
2015-05-04,9.63,19.56,14.59,17.62914,5.8,2.58831
2015-05-05,13.09,19.64,16.37,19.8296,2.8,4.41361
2015-05-06,8.07,16.49,12.28,20.45823,1.2,3.33629
2015-05-07,5.19,16.63,10.91,22.0535,0.0,2.92288
2015-05-08,9.7,18.84,14.27,17.15547,0.0,3.22187
2015-05-09,12.44,18.97,15.7,19.30901,0.0,4.14044
2015-05-10,7.53,20.62,14.08,23.22527,0.2,3.11179
2015-05-11,10.94,25.65,18.29,20.88047,0.0,4.06027
2015-05-12,11.02,18.22,14.62,21.94154,0.0,3.9334
2015-05-13,3.79,20.17,11.98,24.34242,0.0,3.32495
2015-05-14,8.81,15.2,12.0,7.67695,6.3,1.9972
2015-05-15,5.48,15.35,10.41,13.62094,0.2,2.18023
2015-05-16,3.69,16.87,10.28,9.94971,0.4,1.32596
2015-05-17,4.79,18.07,11.43,24.0179,0.0,3.22854
2015-05-18,5.02,18.69,11.86,18.57546,3.0,2.90356
2015-05-19,5.8,15.11,10.46,23.03808,2.2,3.23753
2015-05-20,4.56,15.52,10.04,23.46983,0.0,3.26465
2015-05-21,3.15,17.73,10.44,24.58926,0.0,3.05388
2015-05-22,5.44,19.11,12.28,19.45921,0.0,2.84205
2015-05-23,9.34,20.67,15.01,17.00997,1.2,3.02256
2015-05-24,8.38,20.48,14.43,27.31078,0.0,4.04335
2015-05-25,11.73,18.2,14.96,18.42679,0.0,3.85295
2015-05-26,7.05,18.25,12.65,18.45584,0.0,3.34514
2015-05-27,5.49,20.8,13.14,23.63109,0.0,3.64538
2015-05-28,9.56,17.4,13.48,13.44896,0.0,3.10279
2015-05-29,5.33,16.38,10.86,13.68883,1.0,2.39402
2015-05-30,4.96,17.77,11.37,21.42196,0.0,3.23942
2015-05-31,7.92,16.3,12.11,7.36042,6.3,1.0936
2015-06-01,5.81,17.63,11.72,23.20026,0.2,3.5327
2015-06-02,9.88,21.38,15.63,8.59447,0.2,3.09075
2015-06-03,12.41,19.24,15.82,19.37413,0.0,4.48805
2015-06-04,5.94,24.67,15.31,30.28017,0.0,4.09337
2015-06-05,13.72,32.24,22.98,22.17453,6.6,5.77455
2015-06-06,10.58,19.51,15.05,30.58699,0.0,4.84298
2015-06-07,3.98,20.55,12.27,29.03246,0.0,3.55923
2015-06-08,7.53,18.75,13.14,30.42043,0.0,4.64353
2015-06-09,8.66,17.68,13.17,28.77641,0.0,4.86453
2015-06-10,8.02,23.0,15.51,29.77201,0.0,5.12789
2015-06-11,14.11,27.12,20.62,28.84454,0.0,5.79515
2015-06-12,17.61,28.49,23.05,23.11139,0.0,6.45947
2015-06-13,13.96,23.9,18.93,25.74231,0.0,5.71438
2015-06-14,6.8,23.09,14.95,27.39423,0.0,3.55867
2015-06-15,13.35,19.21,16.28,14.5078,0.0,3.65302
2015-06-16,9.51,19.92,14.71,28.76364,0.0,4.87052
2015-06-17,5.73,24.91,15.32,27.74767,0.6,3.95007
2015-06-18,15.08,20.25,17.66,13.39876,0.8,3.54613
2015-06-19,7.19,19.17,13.18,18.85758,0.0,3.02312
2015-06-20,11.46,20.39,15.93,20.67592,0.8,3.83546
2015-06-21,13.69,22.36,18.02,17.34977,1.6,4.24239
2015-06-22,9.9,14.07,11.98,5.20957,17.4,1.19919
2015-06-23,9.62,18.29,13.95,16.97994,0.4,2.93689
2015-06-24,5.46,22.93,14.2,26.80646,0.0,3.62141
2015-06-25,12.1,26.44,19.27,28.05534,0.0,4.79878
2015-06-26,12.87,29.56,21.21,22.28503,0.0,5.00571
2015-06-27,13.83,22.66,18.25,30.15377,0.0,5.5265
2015-06-28,8.72,27.02,17.87,26.87549,0.0,4.70559
2015-06-29,11.97,25.5,18.73,23.55807,0.0,4.40542
2015-06-30,12.23,30.76,21.5,30.02303,0.0,6.26913
2015-07-01,16.33,35.98,26.15,29.02205,0.0,7.96411
2015-07-02,17.05,27.84,22.45,21.78395,0.0,4.83684
2015-07-03,16.66,33.06,24.86,26.59049,0.0,6.16641
2015-07-04,20.01,29.52,24.77,21.57177,0.2,5.74564
2015-07-05,15.46,24.86,20.16,16.20511,2.2,4.16301
2015-07-06,11.01,29.04,20.02,28.75921,0.0,5.48932
2015-07-07,14.49,26.74,20.61,15.98897,3.4,4.72619
2015-07-08,11.24,19.6,15.42,11.99718,2.8,2.73288
2015-07-09,12.76,20.75,16.75,23.64343,0.0,4.92899
2015-07-10,7.93,26.89,17.41,29.68697,0.0,5.60499
2015-07-11,12.55,27.54,20.05,28.45737,0.0,6.50734
2015-07-12,9.42,22.6,16.01,14.82375,1.6,2.90146
2015-07-13,15.05,20.91,17.98,6.69149,0.4,1.90132
2015-07-14,17.16,23.62,20.39,12.18192,0.0,3.80964
2015-07-15,13.34,26.29,19.81,14.5941,0.4,3.1785
2015-07-16,15.06,33.98,24.52,25.45877,0.0,6.62495
2015-07-17,20.06,29.9,24.98,23.87774,0.0,7.46208
2015-07-18,13.76,26.38,20.07,20.75229,6.7,5.30035
2015-07-19,14.59,25.11,19.85,14.21363,0.4,3.61007
2015-07-20,17.08,24.94,21.01,8.60552,1.6,2.21252
2015-07-21,17.56,28.25,22.91,12.66347,0.0,3.79716
2015-07-22,16.92,26.05,21.48,21.03978,0.0,5.75067
2015-07-23,10.98,23.74,17.36,19.77914,0.0,4.24278
2015-07-24,13.71,27.17,20.44,14.93287,1.8,4.60084
2015-07-25,13.08,20.29,16.68,14.29774,0.2,4.14514
2015-07-26,6.94,19.39,13.17,8.909,7.0,1.50436
2015-07-27,13.55,21.82,17.69,12.49749,1.4,3.74635
2015-07-28,13.36,19.77,16.56,12.7712,0.0,4.43416
2015-07-29,8.73,21.86,15.29,21.35577,0.0,4.49665
2015-07-30,7.59,19.77,13.68,20.45403,0.2,3.4325
2015-07-31,6.45,22.03,14.24,21.26356,0.0,3.10981
2015-08-01,8.99,25.57,17.28,24.63957,0.0,4.88002
2015-08-02,7.17,28.43,17.8,25.88297,0.0,4.90505
2015-08-03,14.12,33.07,23.59,24.30039,3.0,7.1591
2015-08-04,15.13,24.27,19.7,16.41698,0.6,4.03937
2015-08-05,11.28,29.58,20.43,24.4121,0.0,4.98996
2015-08-06,13.32,29.13,21.23,24.52421,0.0,5.37363
2015-08-07,13.82,28.61,21.21,17.54859,0.0,3.5637
2015-08-08,13.68,27.49,20.59,18.90545,0.0,4.96474
2015-08-09,16.05,24.62,20.34,11.56308,0.0,4.46572
2015-08-10,13.29,26.85,20.07,20.4768,0.0,4.37065
2015-08-11,13.5,27.87,20.69,20.53078,0.0,4.43001
2015-08-12,17.78,31.42,24.6,19.63039,0.0,6.28798
2015-08-13,20.54,34.67,27.61,16.24539,6.2,6.32741
2015-08-14,17.26,26.03,21.65,15.39691,0.8,4.25396
2015-08-15,15.91,20.33,18.12,7.99145,10.5,2.26473
2015-08-16,12.18,22.32,17.25,14.60392,0.0,3.33494
2015-08-17,9.75,18.81,14.28,9.07772,3.6,1.8545
2015-08-18,12.24,18.58,15.41,6.92476,2.8,1.83123
2015-08-19,11.74,24.71,18.23,18.96069,0.8,4.14557
2015-08-20,14.73,21.36,18.05,9.43462,0.8,2.22548
2015-08-21,13.09,27.78,20.44,22.77734,0.0,4.00852
2015-08-22,15.6,29.01,22.3,22.68115,0.0,6.19166
2015-08-23,15.7,23.0,19.35,10.03787,3.0,3.16122
2015-08-24,12.65,20.51,16.58,11.01806,8.0,2.35244
2015-08-25,12.37,19.45,15.91,12.80283,0.4,2.62897
2015-08-26,15.11,27.02,21.06,16.87289,1.0,4.69224
2015-08-27,13.67,15.97,14.82,2.95305,15.7,1.17735
2015-08-28,12.48,22.0,17.24,18.39136,0.0,3.18016
2015-08-29,11.46,27.8,19.63,20.83942,0.0,3.27899
2015-08-30,17.75,31.51,24.63,18.4942,0.0,4.24292
2015-08-31,19.28,29.44,24.36,12.16405,1.8,4.17992
2015-09-01,16.14,20.12,18.13,11.01377,1.0,3.06338
2015-09-02,8.25,19.89,14.07,15.47085,0.2,2.43938
2015-09-03,6.34,18.69,12.52,12.4333,9.3,1.75128
2015-09-04,8.96,16.66,12.81,8.31053,0.2,1.81861
2015-09-05,9.77,17.63,13.7,7.64902,0.0,2.15773
2015-09-06,6.46,16.9,11.68,11.09422,0.0,2.35465
2015-09-07,4.77,17.87,11.32,8.10517,0.0,1.22749
2015-09-08,10.37,17.42,13.89,9.52221,0.2,2.01524
2015-09-09,8.99,21.61,15.3,18.22072,0.0,3.10926
2015-09-10,9.6,22.01,15.8,19.20212,0.0,3.9041
2015-09-11,7.68,22.43,15.05,18.40307,0.0,3.20312
2015-09-12,13.34,18.26,15.8,4.83046,17.4,1.45267
2015-09-13,9.48,18.87,14.18,5.15334,8.0,1.09344
2015-09-14,11.86,18.52,15.19,8.9383,5.4,2.14501
2015-09-15,10.48,18.45,14.46,17.41832,4.2,3.33937
2015-09-16,12.61,18.47,15.54,3.52653,8.8,0.90028
2015-09-17,13.2,18.62,15.91,6.88838,4.6,2.25644
2015-09-18,9.74,17.28,13.51,7.61274,11.5,1.53506
2015-09-19,9.32,19.01,14.17,9.70661,0.0,1.84075
2015-09-20,5.4,19.59,12.5,16.87304,0.2,1.83759
2015-09-21,6.3,18.25,12.28,13.51513,0.8,1.61273
2015-09-22,11.85,15.39,13.62,7.6945,5.0,1.83964
2015-09-23,8.16,17.24,12.7,11.34041,0.2,1.86408
2015-09-24,9.24,16.36,12.8,6.49205,2.0,1.03357
2015-09-25,7.26,18.6,12.93,9.92091,0.0,1.53522
2015-09-26,7.72,17.17,12.45,13.92899,0.0,1.92374
2015-09-27,7.91,18.49,13.2,15.887,0.0,2.62881
2015-09-28,7.64,17.98,12.81,15.42493,0.0,2.42354
2015-09-29,7.68,18.86,13.27,15.69185,0.0,3.02724
2015-09-30,8.16,18.53,13.35,15.44119,0.0,3.22711
2015-10-01,7.13,15.98,11.55,15.29476,0.0,3.01992
2015-10-02,5.47,19.19,12.33,14.80457,0.0,2.28725
2015-10-03,5.55,20.18,12.87,13.16363,0.0,1.61407
2015-10-04,3.93,18.43,11.18,11.29975,0.4,1.30738
2015-10-05,11.51,18.0,14.75,4.06861,15.7,0.81212
2015-10-06,14.93,20.55,17.74,6.59624,5.2,1.90792
2015-10-07,12.85,14.93,13.89,2.93749,0.8,1.53961
2015-10-08,9.79,15.51,12.65,7.32464,0.2,1.82354
2015-10-09,3.83,16.64,10.23,10.92092,0.0,0.92042
2015-10-10,7.39,16.33,11.86,8.58582,0.2,1.30784
2015-10-11,6.46,14.7,10.58,11.12487,0.0,1.19949
2015-10-12,5.42,13.89,9.66,9.4026,0.0,0.99932
2015-10-13,5.01,9.59,7.3,9.24,0.0,1.42552
2015-10-14,0.91,9.26,5.08,4.23295,5.6,0.72998
2015-10-15,3.22,6.76,4.99,3.58331,4.6,0.64203
2015-10-16,4.49,8.51,6.5,1.41971,0.6,0.2237
2015-10-17,6.48,10.82,8.65,2.10816,1.4,0.20288
2015-10-18,7.27,12.38,9.82,6.25334,0.0,1.30637
2015-10-19,4.75,12.12,8.43,2.19739,0.0,0.10323
2015-10-20,7.96,12.09,10.03,2.74499,1.0,0.51334
2015-10-21,3.02,13.03,8.03,5.07425,2.0,0.42277
2015-10-22,10.2,14.93,12.56,3.36518,0.6,0.73052
2015-10-23,10.14,13.91,12.03,2.67401,0.0,0.90758
2015-10-24,7.89,14.56,11.22,6.02437,0.0,0.98381
2015-10-25,9.78,12.31,11.04,3.33175,0.2,0.80708
2015-10-26,6.79,14.64,10.71,9.20731,0.2,0.49323
2015-10-27,8.6,18.24,13.42,6.58276,4.4,1.39858
2015-10-28,10.74,15.01,12.88,2.73799,1.8,0.82087
2015-10-29,6.26,12.46,9.36,2.35089,0.2,0.31153
2015-10-30,6.42,14.59,10.5,6.38581,0.0,0.89415
2015-10-31,6.82,15.18,11.0,9.05874,0.2,1.08442
2015-11-01,4.71,15.69,10.2,8.85077,0.4,0.69467
2015-11-02,5.17,8.18,6.67,1.78903,0.0,0.07723
2015-11-03,5.5,13.5,9.5,4.06708,0.0,0.99077
2015-11-04,9.11,14.6,11.86,2.15504,1.0,0.39288
2015-11-05,9.33,18.18,13.75,4.14728,2.6,0.88942
2015-11-06,14.22,17.41,15.82,2.57614,2.2,0.5936
2015-11-07,15.79,19.33,17.56,3.33473,0.0,1.27662
2015-11-08,8.85,19.28,14.07,5.11936,0.8,0.25688
2015-11-09,11.44,15.48,13.46,6.36475,0.0,1.29107
2015-11-10,10.65,13.3,11.98,1.51974,0.2,0.80469
2015-11-11,6.35,14.24,10.29,4.0065,0.8,0.38269
2015-11-12,10.18,14.81,12.5,4.48722,0.0,0.47371
2015-11-13,9.61,14.06,11.84,3.42297,1.8,1.31153
2015-11-14,6.4,12.56,9.48,2.5684,2.0,1.21894
2015-11-15,8.74,15.63,12.19,3.47268,0.0,0.98593
2015-11-16,8.89,14.42,11.66,1.64244,5.8,0.68524
2015-11-17,12.96,16.56,14.76,2.72185,1.2,1.31752
2015-11-18,11.4,14.25,12.82,4.54188,0.0,1.61427
2015-11-19,12.12,14.67,13.39,1.12106,10.3,1.12177
2015-11-20,5.95,8.73,7.34,0.53481,12.0,0.21614
2015-11-21,1.72,6.53,4.13,2.56716,7.0,0.54796
2015-11-22,1.25,6.55,3.9,3.83005,0.8,0.62736
2015-11-23,-2.69,1.78,-0.45,2.70693,0.6,0.11203
2015-11-24,-0.33,7.01,3.34,0.94311,6.0,0.11083
2015-11-25,3.14,10.01,6.58,4.35468,3.2,0.71795
2015-11-26,2.44,9.25,5.84,4.01074,0.2,0.52528
2015-11-27,-0.2,7.39,3.59,1.19827,1.0,0.2158
2015-11-28,1.48,9.63,5.56,5.15751,6.0,0.83221
2015-11-29,6.99,11.94,9.46,1.90476,3.5,0.93398
2015-11-30,9.96,12.21,11.09,1.8161,0.2,1.51709
2015-12-01,10.6,12.29,11.45,1.16078,0.0,0.81025
2015-12-02,9.0,11.81,10.41,2.48949,0.0,1.4634
2015-12-03,3.83,10.36,7.09,1.67579,1.2,0.67622
2015-12-04,6.63,10.94,8.79,4.87269,0.6,0.99622
2015-12-05,1.65,8.67,5.16,3.81692,0.0,0.48998
2015-12-06,4.8,11.6,8.2,2.87722,0.0,0.28648
2015-12-07,4.56,12.23,8.39,3.14665,0.0,0.48773
2015-12-08,4.48,10.58,7.53,2.01137,4.2,0.09311
2015-12-09,3.3,10.09,6.7,4.36536,0.2,0.50918
2015-12-10,3.23,5.4,4.32,2.87332,0.0,0.56791
2015-12-11,1.75,9.84,5.79,0.84655,2.0,0.0
2015-12-12,8.07,11.09,9.58,1.21609,0.0,0.49325
2015-12-13,7.12,9.49,8.3,2.12297,0.0,0.59168
2015-12-14,3.48,6.58,5.03,2.15361,0.4,0.19175
2015-12-15,3.57,11.65,7.61,1.88988,7.3,0.29009
2015-12-16,8.95,13.87,11.41,1.95627,0.0,0.0
2015-12-17,10.17,15.52,12.84,3.1318,0.0,0.87525
2015-12-18,9.65,12.86,11.25,1.75736,0.0,0.48158
2015-12-19,9.2,14.73,11.96,3.64855,0.0,0.87778
2015-12-20,8.25,13.19,10.72,2.59953,0.2,0.79103
2015-12-21,8.82,11.95,10.38,2.78686,3.2,1.01178
2015-12-22,10.65,14.11,12.38,2.61223,1.0,1.79659
2015-12-23,7.34,12.1,9.72,3.41392,0.4,0.78452
2015-12-24,5.6,12.43,9.02,2.18336,3.2,0.48407
2015-12-25,7.77,12.69,10.23,1.08421,1.0,0.69059
2015-12-26,8.8,13.29,11.04,4.17265,0.0,1.17476
2015-12-27,7.43,12.75,10.09,3.70903,0.0,1.0692
2015-12-28,4.49,10.15,7.32,4.07035,0.0,0.77101
2015-12-29,5.63,11.55,8.59,2.35698,0.4,0.90484
2015-12-30,4.5,9.89,7.2,3.37819,3.2,0.67924
2015-12-31,5.59,10.56,8.07,4.37476,0.2,1.11022
